id;groupe;ipa;dur;f0;f1;f2;f3
1;fille;æ;257;238;630;2423;3166
1;fille;ɑ;212;241;831;1676;2602
1;fille;ɔ;242;247;725;1384;2642
1;fille;ɛ;184;214;713;2095;3129
1;fille;e;222;230;534;2690;3335
1;fille;ɜ˞;227;240;608;1733;2159
1;fille;ɪ;197;263;551;2393;3324
1;fille;i;237;277;554;3022;3541
1;fille;o;267;250;693;1235;2850
1;fille;ʊ;184;247;553;1495;2868
1;fille;ʌ;205;237;632;1573;2913
1;fille;u;253;246;502;1540;3176
2;fille;æ;359;286;829;2495;3218
2;fille;ɑ;328;276;1020;1555;2742
2;fille;ɔ;327;263;802;1287;2729
2;fille;ɛ;195;284;674;2196;3047
2;fille;e;324;277;556;2482;3428
2;fille;ɜ˞;395;283;560;1687;1990
2;fille;ɪ;239;289;563;2608;3476
2;fille;i;317;287;344;3193;3579
2;fille;o;336;258;557;1106;2808
2;fille;ʊ;253;292;570;1148;2947
2;fille;ʌ;161;269;731;1550;3363
2;fille;u;327;287;559;1312;2870
3;fille;æ;335;214;631;2801;3508
3;fille;ɑ;298;214;982;1823;2865
3;fille;ɔ;334;207;805;1299;2582
3;fille;ɛ;260;191;735;2315;3286
3;fille;e;286;201;608;2836;3599
3;fille;ɜ˞;280;199;622;1837;2114
3;fille;ɪ;284;228;571;2689;3572
3;fille;i;277;219;441;3081;3975
3;fille;o;310;211;624;1456;2933
3;fille;ʊ;247;200;574;1808;2985
3;fille;ʌ;226;210;823;1655;2926
3;fille;u;304;194;506;2378;2991
4;fille;æ;398;239;712;2608;3247
4;fille;ɑ;357;250;932;1874;2994
4;fille;ɔ;304;244;817;1329;2965
4;fille;ɛ;364;245;735;2448;3359
4;fille;e;323;252;574;2490;3189
4;fille;ɜ˞;386;230;580;1990;2245
4;fille;ɪ;268;249;513;2447;3454
4;fille;i;318;260;509;2873;3475
4;fille;o;322;250;685;1128;3181
4;fille;ʊ;343;251;558;1742;3271
4;fille;ʌ;293;241;756;1672;3183
4;fille;u;292;258;503;1104;3346
5;fille;æ;267;200;748;2589;3042
5;fille;ɑ;270;227;1052;1659;3433
5;fille;ɔ;236;199;780;1236;3360
5;fille;ɛ;207;219;787;2176;3307
5;fille;e;247;215;611;2761;3269
5;fille;ɜ˞;228;224;573;1562;2227
5;fille;ɪ;209;226;479;2449;3200
5;fille;i;242;244;475;3203;3801
5;fille;o;247;197;589;1050;3083
5;fille;ʊ;197;218;543;1473;3166
5;fille;ʌ;150;217;637;1424;3328
5;fille;u;260;240;481;1226;3131
6;fille;æ;323;262;769;2203;3126
6;fille;ɑ;294;308;881;1543;3076
6;fille;ɔ;378;301;891;1383;3039
6;fille;ɛ;272;297;867;2054;3227
6;fille;e;361;320;629;2663;3132
6;fille;ɜ˞;375;294;612;1645;2306
6;fille;ɪ;268;296;590;2354;3416
6;fille;i;310;307;488;3063;4430
6;fille;o;311;315;641;1243;3443
6;fille;ʊ;281;305;624;1513;3061
6;fille;ʌ;310;289;822;1489;3281
6;fille;u;303;330;609;1658;2644
7;fille;æ;316;216;870;2281;3077
7;fille;ɑ;340;202;762;1604;2991
7;fille;ɔ;353;207;610;993;2946
7;fille;ɛ;135;205;605;2445;3265
7;fille;e;285;223;606;2396;3015
7;fille;ɜ˞;261;208;477;1809;2039
7;fille;ɪ;205;215;447;2784;3287
7;fille;i;241;220;434;3127;3566
7;fille;o;341;248;554;896;2870
7;fille;ʊ;200;218;469;1097;2801
7;fille;ʌ;242;201;667;1442;2882
7;fille;u;262;228;440;1124;3117
8;fille;æ;245;220;709;2565;3526
8;fille;ɑ;285;230;987;1610;3010
8;fille;ɔ;313;238;845;1111;3049
8;fille;ɛ;193;238;699;2202;3393
8;fille;e;258;235;555;2377;3123
8;fille;ɜ˞;262;241;505;1691;2074
8;fille;ɪ;232;239;536;2319;3351
8;fille;i;296;251;501;2760;3262
8;fille;o;210;237;516;1181;3079
8;fille;ʊ;222;237;615;1345;3346
8;fille;ʌ;228;233;695;1423;3210
8;fille;u;211;255;503;1119;3100
9;fille;æ;396;205;634;2555;3121
9;fille;ɑ;413;209;1123;1640;2684
9;fille;ɔ;316;208;695;1288;3014
9;fille;ɛ;234;218;646;2435;3262
9;fille;e;314;197;580;2754;3405
9;fille;ɜ˞;326;220;620;1823;2188
9;fille;ɪ;263;209;529;2649;3280
9;fille;i;266;222;424;3198;3818
9;fille;o;316;209;623;1241;2770
9;fille;ʊ;259;214;613;1561;2856
9;fille;ʌ;248;203;612;1432;3046
9;fille;u;275;215;463;1676;2976
10;fille;æ;298;209;630;2509;3112
10;fille;ɑ;282;203;832;1602;2551
10;fille;ɔ;331;194;761;1310;2801
10;fille;ɛ;282;214;794;2066;3160
10;fille;e;309;210;571;2586;3293
10;fille;ɜ˞;322;211;586;1681;2069
10;fille;ɪ;227;197;522;2387;3297
10;fille;i;254;207;429;2984;3348
10;fille;o;270;198;591;1168;2769
10;fille;ʊ;271;213;593;1507;2997
10;fille;ʌ;266;213;699;1454;2765
10;fille;u;246;197;430;1448;2896
11;fille;æ;415;252;736;2505;3332
11;fille;ɑ;425;258;968;1808;3600
11;fille;ɔ;369;251;985;1630;2989
11;fille;ɛ;363;249;742;2355;3514
11;fille;e;357;260;554;2620;3604
11;fille;ɜ˞;366;263;523;1874;2284
11;fille;ɪ;305;262;548;2592;3485
11;fille;i;349;262;516;3126;3621
11;fille;o;403;261;716;1206;2864
11;fille;ʊ;325;268;588;1578;3113
11;fille;ʌ;298;254;762;1721;3234
11;fille;u;313;258;503;1255;3105
12;fille;æ;281;216;634;2535;3260
12;fille;ɑ;273;211;933;1694;2860
12;fille;ɔ;322;210;875;1402;2830
12;fille;ɛ;258;227;640;2244;3086
12;fille;e;280;242;532;2673;3363
12;fille;ɜ˞;255;193;574;1751;2078
12;fille;ɪ;253;223;491;2409;3166
12;fille;i;234;239;476;2772;3371
12;fille;o;259;218;586;1217;3041
12;fille;ʊ;244;227;626;1578;2786
12;fille;ʌ;250;211;639;1454;3098
12;fille;u;233;209;435;1312;2715
13;fille;æ;314;198;697;2418;3371
13;fille;ɑ;263;201;998;1560;2745
13;fille;ɔ;243;206;950;1246;2853
13;fille;ɛ;168;200;806;2172;3430
13;fille;e;260;203;436;2658;3519
13;fille;ɜ˞;283;213;619;1498;1696
13;fille;ɪ;177;221;470;2505;3377
13;fille;i;327;203;421;3337;3578
13;fille;o;263;203;623;1044;3142
13;fille;ʊ;179;212;494;1245;3037
13;fille;ʌ;215;210;697;1305;3167
13;fille;u;263;206;418;940;2567
14;fille;æ;382;272;607;2620;3350
14;fille;ɑ;340;287;871;2042;3410
14;fille;ɔ;312;258;750;1251;3003
14;fille;ɛ;312;279;734;2242;3601
14;fille;e;382;262;558;2643;3216
14;fille;ɜ˞;371;281;562;1682;1981
14;fille;ɪ;255;287;564;2515;3537
14;fille;i;329;259;446;3011;3587
14;fille;o;394;282;562;1051;3094
14;fille;ʊ;329;291;570;1423;3457
14;fille;ʌ;307;280;654;1517;3466
14;fille;u;324;282;548;1123;3152
15;fille;æ;367;187;753;2227;3064
15;fille;ɑ;364;187;859;1608;2789
15;fille;ɔ;367;201;819;1074;2918
15;fille;ɛ;291;202;616;2356;3200
15;fille;e;346;193;564;2523;3286
15;fille;ɜ˞;334;200;591;1626;2051
15;fille;ɪ;290;198;562;2549;3101
15;fille;i;324;207;428;3070;3604
15;fille;o;315;217;588;1063;3228
15;fille;ʊ;261;202;615;1397;3109
15;fille;ʌ;300;183;739;1411;3122
15;fille;u;274;241;491;1467;2936
16;fille;æ;352;246;726;2231;2932
16;fille;ɑ;327;245;898;1544;2862
16;fille;ɔ;315;264;744;1093;2898
16;fille;ɛ;189;241;749;1869;3107
16;fille;e;245;250;499;2356;2983
16;fille;ɜ˞;304;247;556;1741;2245
16;fille;ɪ;276;252;499;2230;3249
16;fille;i;331;259;493;2811;3481
16;fille;o;290;269;581;1115;2924
16;fille;ʊ;247;263;508;1245;2885
16;fille;ʌ;239;257;696;1297;2881
16;fille;u;228;262;505;1296;2619
17;fille;æ;307;249;741;2444;3043
17;fille;ɑ;281;254;1010;1705;2753
17;fille;ɔ;269;249;808;1467;2997
17;fille;ɛ;195;241;710;1993;3268
17;fille;e;265;257;621;2476;3195
17;fille;ɜ˞;304;272;559;1828;2163
17;fille;ɪ;196;264;535;2190;2998
17;fille;i;269;285;504;2803;3130
17;fille;o;260;257;613;1236;2766
17;fille;ʊ;189;236;563;1585;2841
17;fille;ʌ;233;266;780;1428;3070
17;fille;u;269;278;548;1377;2702
18;fille;æ;312;209;674;2663;3243
18;fille;ɑ;292;218;951;1982;2807
18;fille;ɔ;294;222;820;1356;2700
18;fille;ɛ;227;203;632;2431;3091
18;fille;e;285;222;652;2661;3448
18;fille;ɜ˞;278;217;571;1984;2206
18;fille;ɪ;263;212;520;2695;3373
18;fille;i;288;228;442;3135;3610
18;fille;o;335;185;548;1062;2926
18;fille;ʊ;294;252;578;1574;3026
18;fille;ʌ;241;235;754;1742;3002
18;fille;u;270;281;550;1114;3012
19;fille;æ;352;205;769;2234;2910
19;fille;ɑ;363;226;1010;1604;2588
19;fille;ɔ;376;240;831;1193;2566
19;fille;ɛ;274;204;642;2015;2916
19;fille;e;465;232;463;2745;3155
19;fille;ɜ˞;378;247;495;1555;1948
19;fille;ɪ;300;257;506;2432;3008
19;fille;i;398;247;427;2952;3556
19;fille;o;397;243;584;936;2679
19;fille;ʊ;270;221;531;1540;2931
19;fille;ʌ;254;212;632;1352;2740
19;fille;u;320;260;504;997;2826
20;fille;æ;256;229;678;2524;3418
20;fille;ɑ;350;263;854;1518;2988
20;fille;ɔ;384;249;746;1309;2957
20;fille;ɛ;212;242;699;2169;3243
20;fille;e;322;250;558;2559;3311
20;fille;ɜ˞;336;259;678;1594;2048
20;fille;ɪ;187;231;489;2544;3720
20;fille;i;325;260;475;2916;3399
20;fille;o;370;257;588;1117;2848
20;fille;ʊ;232;237;627;1703;2883
20;fille;ʌ;296;255;746;1552;3044
20;fille;u;243;256;504;1515;2952
21;fille;æ;346;267;809;2592;3331
21;fille;ɑ;292;277;1119;1588;3010
21;fille;ɔ;313;268;765;1067;3266
21;fille;ɛ;238;270;1057;2426;3441
21;fille;e;336;271;586;2720;3446
21;fille;ɜ˞;332;246;614;1867;2435
21;fille;ɪ;205;276;559;2753;3502
21;fille;i;277;293;366;3207;3722
21;fille;o;314;274;557;1065;3040
21;fille;ʊ;206;277;561;1627;3037
21;fille;ʌ;219;282;863;1566;3134
21;fille;u;251;283;557;1288;3111
22;fille;æ;216;206;545;2690;2959
22;fille;ɑ;238;228;1205;1605;2708
22;fille;ɔ;196;203;770;1010;2411
22;fille;ɛ;165;212;744;2227;2966
22;fille;e;199;212;613;2593;3103
22;fille;ɜ˞;270;248;568;1512;1783
22;fille;ɪ;137;229;447;2645;3302
22;fille;i;205;213;424;3199;3815
22;fille;o;216;212;615;1093;2691
22;fille;ʊ;169;237;493;1248;2751
22;fille;ʌ;158;213;685;1485;2679
22;fille;u;214;221;438;1336;3117
23;fille;æ;284;223;669;2440;2915
23;fille;ɑ;295;220;872;1565;2531
23;fille;ɔ;340;213;839;1240;2636
23;fille;ɛ;215;232;692;2354;3179
23;fille;e;294;219;441;2585;3014
23;fille;ɜ˞;277;227;488;1584;1810
23;fille;ɪ;249;212;479;2492;3187
23;fille;i;309;239;382;2987;3320
23;fille;o;292;223;625;1100;2747
23;fille;ʊ;254;238;512;1260;2826
23;fille;ʌ;223;220;688;1251;2795
23;fille;u;286;219;436;1170;2661
24;fille;æ;451;220;643;2434;3326
24;fille;ɑ;314;210;776;1490;2730
24;fille;ɔ;362;220;635;1163;3053
24;fille;ɛ;331;217;668;2106;3353
24;fille;e;426;233;654;2549;3427
24;fille;ɜ˞;347;224;479;1579;1963
24;fille;ɪ;316;218;481;2567;3550
24;fille;i;342;218;441;3079;3474
24;fille;o;338;215;646;1244;3023
24;fille;ʊ;303;227;546;1254;3333
24;fille;ʌ;292;216;670;1538;3264
24;fille;u;320;235;449;916;3002
25;fille;æ;243;211;634;2410;3303
25;fille;ɑ;270;223;1147;1553;2877
25;fille;ɔ;250;215;792;1268;2988
25;fille;ɛ;192;231;699;2194;3317
25;fille;e;293;239;494;2823;3444
25;fille;ɜ˞;251;211;615;1742;2009
25;fille;ɪ;174;230;551;2362;3354
25;fille;i;241;239;410;2874;3505
25;fille;o;264;225;658;1272;2944
25;fille;ʊ;174;211;622;1417;2993
25;fille;ʌ;172;214;763;1522;2931
25;fille;u;233;254;495;1283;3033
26;fille;æ;284;227;676;2253;3121
26;fille;ɑ;271;221;1065;1483;2723
26;fille;ɔ;267;216;640;929;2654
26;fille;ɛ;210;221;680;2187;3099
26;fille;e;309;239;510;2438;3126
26;fille;ɜ˞;263;220;457;1570;1926
26;fille;ɪ;194;240;490;2449;3330
26;fille;i;268;240;361;2938;3810
26;fille;o;293;224;616;1047;2669
26;fille;ʊ;213;239;492;1200;2622
26;fille;ʌ;212;206;667;1400;3017
26;fille;u;255;216;434;1297;2694
27;fille;æ;291;212;860;2503;3002
27;fille;ɑ;285;227;944;1540;2896
27;fille;ɔ;305;214;941;1409;2729
27;fille;ɛ;212;231;856;2304;2916
27;fille;e;289;236;655;2772;3180
27;fille;ɜ˞;390;250;614;1733;2034
27;fille;ɪ;294;243;503;2433;3150
27;fille;i;269;255;366;3024;3867
27;fille;o;267;241;578;1122;2833
27;fille;ʊ;221;233;684;1623;3019
27;fille;ʌ;243;234;778;1422;3266
27;fille;u;302;249;498;1509;2866
28;garçon;æ;295;242;741;2433;3341
28;garçon;ɑ;276;238;894;1420;2828
28;garçon;ɔ;349;240;867;1292;3296
28;garçon;ɛ;202;227;653;2241;3167
28;garçon;e;320;243;496;2670;3256
28;garçon;ɜ˞;297;228;556;1687;2002
28;garçon;ɪ;233;240;495;2574;3362
28;garçon;i;314;222;389;3068;3544
28;garçon;o;263;251;571;1243;2854
28;garçon;ʊ;224;243;499;1440;2980
28;garçon;ʌ;200;247;740;1502;3001
28;garçon;u;327;251;500;1724;2988
29;garçon;æ;283;196;729;2878;3792
29;garçon;ɑ;298;208;1312;1820;3308
29;garçon;ɔ;249;217;875;1501;3294
29;garçon;ɛ;218;188;928;2254;3612
29;garçon;e;286;211;648;2788;3723
29;garçon;ɜ˞;258;223;620;1750;2165
29;garçon;ɪ;197;258;557;2634;3691
29;garçon;i;248;246;498;3451;4100
29;garçon;o;295;230;683;1038;3200
29;garçon;ʊ;206;228;639;1518;3253
29;garçon;ʌ;215;220;882;1623;3434
29;garçon;u;236;188;435;1059;3389
30;garçon;æ;385;255;932;2523;3644
30;garçon;ɑ;324;246;1007;1742;2982
30;garçon;ɔ;430;244;885;1415;3196
30;garçon;ɛ;277;245;802;2427;3488
30;garçon;e;350;266;561;2663;3550
30;garçon;ɜ˞;359;285;564;2003;2349
30;garçon;ɪ;313;271;558;2427;3502
30;garçon;i;324;294;463;3225;3699
30;garçon;o;380;282;583;1352;3140
30;garçon;ʊ;367;271;564;1613;3065
30;garçon;ʌ;275;268;784;1614;3392
30;garçon;u;300;288;556;1736;3005
31;garçon;æ;456;227;682;2638;3510
31;garçon;ɑ;375;204;978;1817;2843
31;garçon;ɔ;368;210;882;1309;2834
31;garçon;ɛ;328;226;809;2265;3309
31;garçon;e;321;220;638;2553;3348
31;garçon;ɜ˞;348;223;601;1791;2612
31;garçon;ɪ;323;219;441;2728;3285
31;garçon;i;305;239;475;3320;3761
31;garçon;o;380;239;678;1306;3202
31;garçon;ʊ;375;225;504;1440;3000
31;garçon;ʌ;290;225;897;1494;2960
31;garçon;u;378;219;437;1733;3208
32;garçon;æ;292;222;799;2397;3125
32;garçon;ɑ;275;225;1026;1544;2536
32;garçon;ɔ;300;224;888;1266;2632
32;garçon;ɛ;174;222;660;2223;3354
32;garçon;e;261;225;542;2755;3283
32;garçon;ɜ˞;299;224;632;1689;2154
32;garçon;ɪ;150;236;488;2623;3549
32;garçon;i;230;250;478;2997;3755
32;garçon;o;268;226;483;903;2954
32;garçon;ʊ;234;254;545;1307;3032
32;garçon;ʌ;218;238;754;1430;3034
32;garçon;u;246;256;480;1011;2574
33;garçon;æ;341;242;722;2418;3017
33;garçon;ɑ;384;227;843;1803;2562
33;garçon;ɔ;342;233;697;1358;2263
33;garçon;ɛ;284;230;649;2268;2827
33;garçon;e;421;242;544;2444;2605
33;garçon;ɜ˞;365;237;585;1694;2278
33;garçon;ɪ;311;252;506;2432;3262
33;garçon;i;386;250;457;2776;4268
33;garçon;o;442;241;492;927;2671
33;garçon;ʊ;186;249;507;1720;2978
33;garçon;ʌ;286;234;620;1579;2861
33;garçon;u;367;255;503;821;2874
34;garçon;æ;384;266;695;2704;3731
34;garçon;ɑ;407;249;993;2000;3174
34;garçon;ɔ;377;270;787;1234;2924
34;garçon;ɛ;294;244;741;2418;3665
34;garçon;e;438;257;513;2881;3667
34;garçon;ɜ˞;346;260;540;1571;2167
34;garçon;ɪ;378;261;517;2619;3499
34;garçon;i;390;263;507;3319;3823
34;garçon;o;309;259;536;789;2863
34;garçon;ʊ;292;271;585;1636;2941
34;garçon;ʌ;303;242;695;1832;3000
34;garçon;u;315;271;540;1653;2799
35;garçon;æ;382;265;758;2373;3327
35;garçon;ɑ;321;245;1197;1734;3187
35;garçon;ɔ;425;301;932;1445;3107
35;garçon;ɛ;292;238;763;2393;3241
35;garçon;e;364;258;536;2859;3507
35;garçon;ɜ˞;413;286;573;1748;2245
35;garçon;ɪ;308;264;515;2828;3627
35;garçon;i;399;294;503;3256;4056
35;garçon;o;423;275;561;1151;2996
35;garçon;ʊ;284;294;595;1737;3235
35;garçon;ʌ;248;262;756;1579;3388
35;garçon;u;307;303;568;1508;2987
36;garçon;æ;311;237;946;2540;3229
36;garçon;ɑ;282;218;855;1845;3055
36;garçon;ɔ;285;226;893;1563;3131
36;garçon;ɛ;278;227;816;2404;3448
36;garçon;e;310;236;740;2651;3049
36;garçon;ɜ˞;320;212;631;1722;2140
36;garçon;ɪ;241;257;518;2870;3681
36;garçon;i;292;222;456;3389;4027
36;garçon;o;338;238;630;1491;3010
36;garçon;ʊ;268;229;667;1446;3220
36;garçon;ʌ;222;229;880;1680;3280
36;garçon;u;318;216;460;1422;3099
37;garçon;æ;353;230;648;2334;2834
37;garçon;ɑ;298;240;1047;1488;2879
37;garçon;ɔ;380;232;898;1359;2850
37;garçon;ɛ;227;226;793;2228;3560
37;garçon;e;315;240;494;2676;3280
37;garçon;ɜ˞;296;233;671;1556;2302
37;garçon;ɪ;250;226;499;2437;3758
37;garçon;i;282;238;465;2875;3699
37;garçon;o;363;232;455;923;3258
37;garçon;ʊ;310;219;627;1515;3034
37;garçon;ʌ;227;226;701;1563;3058
37;garçon;u;324;238;460;1291;3010
38;garçon;æ;322;240;730;2668;3564
38;garçon;ɑ;317;200;1154;1932;3044
38;garçon;ɔ;323;241;952;1665;3063
38;garçon;ɛ;250;236;762;2349;3484
38;garçon;e;293;262;594;2733;3413
38;garçon;ɜ˞;270;253;627;1780;2415
38;garçon;ɪ;240;242;533;2762;3466
38;garçon;i;304;212;436;3340;3862
38;garçon;o;237;225;637;1142;3360
38;garçon;ʊ;214;259;571;1819;3274
38;garçon;ʌ;226;248;796;1669;3254
38;garçon;u;273;276;540;1998;3104
39;garçon;æ;301;251;752;2501;3450
39;garçon;ɑ;334;241;931;1749;3205
39;garçon;ɔ;339;234;823;1356;3419
39;garçon;ɛ;250;263;759;2488;3502
39;garçon;e;345;258;550;2780;3468
39;garçon;ɜ˞;288;273;561;1692;2358
39;garçon;ɪ;273;257;508;2642;3494
39;garçon;i;396;278;464;3104;3692
39;garçon;o;351;251;502;960;3274
39;garçon;ʊ;269;279;563;1577;3159
39;garçon;ʌ;232;229;738;1626;3315
39;garçon;u;286;273;527;1407;3253
40;garçon;æ;306;194;717;2313;3150
40;garçon;ɑ;308;189;954;1472;2844
40;garçon;ɔ;332;214;854;1109;2960
40;garçon;ɛ;297;211;621;2275;3146
40;garçon;e;351;222;564;2455;3100
40;garçon;ɜ˞;312;215;603;1663;1983
40;garçon;ɪ;311;216;435;2623;3084
40;garçon;i;320;220;432;2688;3161
40;garçon;o;330;240;499;992;3121
40;garçon;ʊ;314;245;498;1491;2924
40;garçon;ʌ;259;208;633;1454;2986
40;garçon;u;304;239;486;968;2756
41;garçon;æ;354;226;888;2605;3651
41;garçon;ɑ;299;233;1316;1752;3113
41;garçon;ɔ;360;239;894;1366;3371
41;garçon;ɛ;266;226;880;2638;3567
41;garçon;e;386;237;497;2804;3315
41;garçon;ɜ˞;331;248;707;1706;2245
41;garçon;ɪ;337;244;497;2684;3546
41;garçon;i;357;251;477;3266;3889
41;garçon;o;382;243;577;1217;3225
41;garçon;ʊ;298;233;597;1599;3270
41;garçon;ʌ;302;247;684;1732;3241
41;garçon;u;368;244;496;1739;2873
42;garçon;æ;308;208;727;2394;3320
42;garçon;ɑ;304;248;911;1624;3230
42;garçon;ɔ;291;233;757;1242;3288
42;garçon;ɛ;204;249;755;2137;3384
42;garçon;e;280;258;575;2502;3445
42;garçon;ɜ˞;269;225;667;1688;2246
42;garçon;ɪ;212;243;504;2408;3422
42;garçon;i;266;273;466;3004;3634
42;garçon;o;262;267;785;1551;3138
42;garçon;ʊ;188;236;643;1860;3306
42;garçon;ʌ;215;256;782;1622;3171
42;garçon;u;245;236;490;2179;3131
43;garçon;æ;317;219;591;2632;3497
43;garçon;ɑ;416;214;1033;1929;3428
43;garçon;ɔ;441;215;1062;1475;3233
43;garçon;ɛ;258;205;533;2480;3378
43;garçon;e;325;209;570;3256;3584
43;garçon;ɜ˞;287;219;611;2033;2522
43;garçon;ɪ;267;212;557;2664;3468
43;garçon;i;343;222;436;3443;3843
43;garçon;o;300;221;568;1096;2991
43;garçon;ʊ;211;217;556;1558;3490
43;garçon;ʌ;226;207;744;1854;3360
43;garçon;u;315;214;435;1829;3316
44;garçon;æ;238;248;747;2703;3829
44;garçon;ɑ;220;235;1129;2005;2826
44;garçon;ɔ;218;221;1090;1465;2981
44;garçon;ɛ;222;229;868;2318;3567
44;garçon;e;223;234;618;2752;4040
44;garçon;ɜ˞;197;236;670;1899;2323
44;garçon;ɪ;168;236;550;2625;3774
44;garçon;i;193;237;479;3093;3755
44;garçon;o;222;234;688;1197;3184
44;garçon;ʊ;155;237;682;1571;3394
44;garçon;ʌ;184;227;885;1629;3430
44;garçon;u;192;243;497;1334;3067
45;garçon;æ;290;227;672;2484;3492
45;garçon;ɑ;259;234;1145;1655;3062
45;garçon;ɔ;274;246;998;1368;3282
45;garçon;ɛ;228;228;882;2524;3555
45;garçon;e;294;249;540;2687;3504
45;garçon;ɜ˞;286;230;627;1628;2058
45;garçon;ɪ;220;234;489;2730;3763
45;garçon;i;243;232;469;3278;4165
45;garçon;o;317;213;622;1223;3380
45;garçon;ʊ;241;239;512;1644;3483
45;garçon;ʌ;210;248;1045;1609;3456
45;garçon;u;248;248;498;1740;3291
46;garçon;æ;250;227;555;2569;3424
46;garçon;ɑ;186;215;1021;1720;3186
46;garçon;ɔ;259;218;1001;1488;3149
46;garçon;ɛ;227;230;733;2421;3250
46;garçon;e;259;235;558;2533;3224
46;garçon;ɜ˞;262;225;620;1689;2361
46;garçon;ɪ;170;226;444;2846;3518
46;garçon;i;258;238;472;3120;3574
46;garçon;o;246;222;643;1262;3194
46;garçon;ʊ;179;243;575;1580;3509
46;garçon;ʌ;177;229;646;1578;3366
46;garçon;u;227;225;446;1533;3269
47;homme;æ;323;174;663;2012;2659
47;homme;ɑ;316;159;813;1283;2687
47;homme;ɔ;330;177;699;996;2548
47;homme;ɛ;266;171;609;1980;2678
47;homme;e;319;166;494;2113;2700
47;homme;ɜ˞;324;175;506;1418;1849
47;homme;ɪ;268;179;370;2161;2757
47;homme;i;339;172;328;2418;2939
47;homme;o;369;169;509;989;2561
47;homme;ʊ;255;169;450;995;2519
47;homme;ʌ;292;171;670;1178;2566
47;homme;u;281;184;374;931;2433
48;homme;æ;250;102;628;1871;2477
48;homme;ɑ;249;101;749;1060;2842
48;homme;ɔ;289;106;644;856;2627
48;homme;ɛ;167;103;517;1917;2438
48;homme;e;261;105;438;2196;2480
48;homme;ɜ˞;296;111;457;1406;1685
48;homme;ɪ;183;111;384;2039;2523
48;homme;i;236;108;305;2320;3072
48;homme;o;261;105;519;891;2532
48;homme;ʊ;174;112;424;992;2249
48;homme;ʌ;173;105;642;998;2682
48;homme;u;257;114;319;938;2091
49;homme;æ;344;99;605;1812;2570
49;homme;ɑ;373;97;755;1133;2695
49;homme;ɔ;355;93;647;926;2785
49;homme;ɛ;284;95;559;1695;2413
49;homme;e;353;91;438;2026;2476
49;homme;ɜ˞;368;94;479;1252;1621
49;homme;ɪ;262;101;411;1932;2569
49;homme;i;315;96;331;2311;2865
49;homme;o;417;96;496;863;2548
49;homme;ʊ;275;96;489;1059;2567
49;homme;ʌ;297;96;622;1075;2622
49;homme;u;420;101;360;953;2505
50;homme;æ;312;124;627;1910;2488
50;homme;ɑ;302;127;832;1222;2624
50;homme;ɔ;347;131;694;970;2746
50;homme;ɛ;229;127;698;1580;2492
50;homme;e;253;134;493;2102;2839
50;homme;ɜ˞;332;134;460;1473;1764
50;homme;ɪ;227;135;441;2045;2694
50;homme;i;240;134;353;2385;3400
50;homme;o;300;146;441;862;2455
50;homme;ʊ;210;134;522;1123;2538
50;homme;ʌ;211;131;650;1036;2697
50;homme;u;288;144;422;1299;2347
51;homme;æ;254;115;647;1864;2561
51;homme;ɑ;230;112;871;1204;2595
51;homme;ɔ;250;115;740;999;2691
51;homme;ɛ;177;115;555;1851;2624
51;homme;e;241;120;497;2024;2677
51;homme;ɜ˞;217;117;489;1338;1747
51;homme;ɪ;159;115;441;2080;2721
51;homme;i;241;122;367;2390;2777
51;homme;o;263;114;524;1000;2432
51;homme;ʊ;147;117;468;1115;2492
51;homme;ʌ;169;117;629;1146;2643
51;homme;u;231;120;366;919;2378
52;homme;æ;254;96;582;1999;2567
52;homme;ɑ;265;98;786;1341;2403
52;homme;ɔ;292;96;642;949;2437
52;homme;ɛ;197;104;571;1926;2615
52;homme;e;281;100;555;2174;2900
52;homme;ɜ˞;272;96;493;1270;1633
52;homme;ɪ;190;108;363;2269;2935
52;homme;i;259;101;346;2379;3217
52;homme;o;266;94;515;1126;2455
52;homme;ʊ;197;92;442;1176;2435
52;homme;ʌ;185;90;651;1176;2564
52;homme;u;231;113;326;997;2384
53;homme;æ;289;122;602;1880;2539
53;homme;ɑ;302;115;748;1293;2446
53;homme;ɔ;294;120;651;1033;2477
53;homme;ɛ;239;126;582;1768;2463
53;homme;e;328;133;529;1974;2638
53;homme;ɜ˞;282;131;501;1334;1611
53;homme;ɪ;235;131;390;1948;2566
53;homme;i;298;164;312;2402;2849
53;homme;o;285;125;500;868;2552
53;homme;ʊ;241;132;486;1116;2563
53;homme;ʌ;242;132;626;1159;2643
53;homme;u;239;126;382;1058;2334
54;homme;æ;339;120;545;1872;2630
54;homme;ɑ;330;122;738;1394;2522
54;homme;ɔ;342;123;620;1068;2634
54;homme;ɛ;239;120;560;1697;2663
54;homme;e;318;122;446;1918;2674
54;homme;ɜ˞;342;137;466;1377;1616
54;homme;ɪ;221;132;385;1843;2696
54;homme;i;341;129;355;2049;2921
54;homme;o;340;134;503;950;2680
54;homme;ʊ;238;125;442;1205;2580
54;homme;ʌ;203;121;602;1336;2690
54;homme;u;296;136;384;1234;2418
55;homme;æ;282;153;552;2027;2737
55;homme;ɑ;271;152;763;1147;2840
55;homme;ɔ;296;151;637;923;2722
55;homme;ɛ;186;154;594;1716;2678
55;homme;e;273;151;439;2067;2708
55;homme;ɜ˞;249;154;459;1367;1716
55;homme;ɪ;186;153;440;1954;2587
55;homme;i;223;163;320;2300;3038
55;homme;o;269;153;476;1016;2502
55;homme;ʊ;196;157;485;1086;2556
55;homme;ʌ;183;157;658;1410;2720
55;homme;u;237;156;338;1087;2515
56;homme;æ;319;136;629;1871;2574
56;homme;ɑ;321;148;829;1444;2241
56;homme;ɔ;363;162;695;1108;2384
56;homme;ɛ;261;146;569;1709;2502
56;homme;e;360;141;433;2082;2620
56;homme;ɜ˞;340;140;438;1387;1716
56;homme;ɪ;301;163;470;1959;2697
56;homme;i;323;160;315;2253;2886
56;homme;o;374;149;496;867;2380
56;homme;ʊ;275;151;472;1296;2273
56;homme;ʌ;295;155;619;1241;2455
56;homme;u;327;161;319;936;2187
57;homme;æ;279;100;685;1807;2611
57;homme;ɑ;256;104;825;1429;2701
57;homme;ɔ;283;104;664;1024;2639
57;homme;ɛ;203;99;577;1811;2559
57;homme;e;243;95;439;2126;2762
57;homme;ɜ˞;268;110;439;1220;1681
57;homme;ɪ;164;109;411;2034;2795
57;homme;i;229;106;327;2257;2943
57;homme;o;268;104;486;826;2631
57;homme;ʊ;208;113;459;1036;2625
57;homme;ʌ;172;107;636;1153;2756
57;homme;u;240;116;371;793;2719
58;homme;æ;272;106;559;1983;2560
58;homme;ɑ;278;100;737;1298;2323
58;homme;ɔ;248;108;664;1043;2575
58;homme;ɛ;231;110;570;1824;2627
58;homme;e;256;109;495;2166;2668
58;homme;ɜ˞;287;106;506;1464;1672
58;homme;ɪ;249;121;444;2154;2659
58;homme;i;256;106;329;2514;3073
58;homme;o;269;107;491;1065;2383
58;homme;ʊ;203;116;446;1298;2275
58;homme;ʌ;227;105;631;1133;2560
58;homme;u;260;115;379;1123;2383
59;homme;æ;212;138;544;1819;2511
59;homme;ɑ;192;145;679;1208;2630
59;homme;ɔ;223;142;628;1069;2689
59;homme;ɛ;156;144;546;1750;2509
59;homme;e;218;143;482;1904;2526
59;homme;ɜ˞;204;147;439;1387;1746
59;homme;ɪ;134;145;424;1913;2556
59;homme;i;179;142;311;2274;2510
59;homme;o;214;142;434;862;2561
59;homme;ʊ;150;145;438;1177;2478
59;homme;ʌ;146;147;573;1152;2604
59;homme;u;183;148;382;994;2372
60;homme;æ;257;135;685;1592;2308
60;homme;ɑ;243;132;689;1064;2303
60;homme;ɔ;278;142;634;987;2305
60;homme;ɛ;181;138;554;1790;2469
60;homme;e;259;148;435;2013;2506
60;homme;ɜ˞;256;140;429;1389;1830
60;homme;ɪ;169;145;419;2076;2602
60;homme;i;261;165;322;2282;2746
60;homme;o;272;146;439;699;2107
60;homme;ʊ;178;148;438;979;2187
60;homme;ʌ;176;152;663;1166;2177
60;homme;u;210;174;339;860;2013
61;homme;æ;264;133;514;2031;2815
61;homme;ɑ;342;135;702;1364;2498
61;homme;ɔ;320;146;662;1001;2744
61;homme;ɛ;170;131;608;1831;2694
61;homme;e;338;151;445;2268;2798
61;homme;ɜ˞;298;139;504;1386;1813
61;homme;ɪ;179;142;491;1958;2782
61;homme;i;273;143;364;2366;3042
61;homme;o;337;138;454;745;2623
61;homme;ʊ;166;158;481;1094;2623
61;homme;ʌ;193;147;610;1168;2529
61;homme;u;264;147;415;1016;2465
62;homme;æ;244;149;612;1937;2605
62;homme;ɑ;269;148;811;1355;2599
62;homme;ɔ;274;154;653;1020;2810
62;homme;ɛ;185;151;562;1816;2707
62;homme;e;246;156;492;2195;2786
62;homme;ɜ˞;243;154;505;1330;1929
62;homme;ɪ;194;159;486;2061;2719
62;homme;i;232;160;350;2462;2921
62;homme;o;247;157;566;997;2748
62;homme;ʊ;222;163;499;1127;2684
62;homme;ʌ;183;154;637;1295;2757
62;homme;u;226;165;455;1181;2616
63;homme;æ;286;140;544;2114;2971
63;homme;ɑ;272;135;744;1489;2586
63;homme;ɔ;287;138;648;1013;2473
63;homme;ɛ;199;137;583;1757;2852
63;homme;e;237;141;535;2004;2939
63;homme;ɜ˞;356;156;457;1437;1648
63;homme;ɪ;221;139;433;2012;2855
63;homme;i;263;161;314;2368;3378
63;homme;o;319;133;534;1002;2293
63;homme;ʊ;237;144;438;1181;2381
63;homme;ʌ;189;138;623;1163;2555
63;homme;u;284;156;370;889;2324
64;homme;æ;252;108;556;1854;2679
64;homme;ɑ;206;114;758;1363;2421
64;homme;ɔ;253;107;631;1019;2219
64;homme;ɛ;138;128;615;1624;2265
64;homme;e;196;126;382;2035;2513
64;homme;ɜ˞;185;122;463;1371;1684
64;homme;ɪ;145;123;418;1964;2432
64;homme;i;153;129;328;2123;3444
64;homme;o;204;127;499;859;2080
64;homme;ʊ;147;119;451;1106;2195
64;homme;ʌ;139;120;593;1254;2302
64;homme;u;196;116;372;1010;2136
65;homme;æ;249;119;619;2023;2716
65;homme;ɑ;287;115;784;1345;2522
65;homme;ɔ;316;120;688;1139;2549
65;homme;ɛ;184;122;630;1786;2637
65;homme;e;251;121;499;2068;2676
65;homme;ɜ˞;256;120;491;1455;1896
65;homme;ɪ;220;128;452;2062;2736
65;homme;i;251;127;372;2280;2710
65;homme;o;287;119;520;987;2573
65;homme;ʊ;173;124;470;1202;2555
65;homme;ʌ;226;122;622;1155;2606
65;homme;u;275;128;387;1123;2426
66;homme;æ;274;112;601;1997;2499
66;homme;ɑ;278;107;802;1297;2765
66;homme;ɔ;292;111;696;983;2603
66;homme;ɛ;227;111;629;1810;2639
66;homme;e;311;116;477;2110;2563
66;homme;ɜ˞;274;117;504;1173;1595
66;homme;ɪ;207;113;463;2018;2688
66;homme;i;265;121;367;2244;3042
66;homme;o;279;117;461;801;2442
66;homme;ʊ;204;121;503;1058;2518
66;homme;ʌ;202;114;617;1071;2685
66;homme;u;230;132;389;959;2441
67;homme;æ;270;120;572;2072;2648
67;homme;ɑ;258;131;803;1234;2430
67;homme;ɔ;248;127;691;1111;2439
67;homme;ɛ;153;119;624;1909;2773
67;homme;e;274;131;529;2114;2731
67;homme;ɜ˞;258;134;513;1342;1965
67;homme;ɪ;202;138;501;1971;2734
67;homme;i;241;133;381;2515;3059
67;homme;o;233;126;543;1009;2326
67;homme;ʊ;210;131;504;1318;2491
67;homme;ʌ;201;130;628;1223;2609
67;homme;u;239;147;435;1137;2395
68;homme;æ;301;115;546;1820;2548
68;homme;ɑ;256;116;683;1238;2428
68;homme;ɔ;249;109;587;941;2371
68;homme;ɛ;190;109;559;1755;2514
68;homme;e;267;112;494;1962;2608
68;homme;ɜ˞;260;116;474;1505;1635
68;homme;ɪ;176;107;427;1974;2608
68;homme;i;268;119;352;2254;2888
68;homme;o;261;112;494;925;2235
68;homme;ʊ;216;111;507;1183;2309
68;homme;ʌ;212;113;601;1214;2305
68;homme;u;204;123;372;972;2316
69;homme;æ;259;120;562;1895;2513
69;homme;ɑ;271;124;697;1370;2597
69;homme;ɔ;282;111;636;978;2220
69;homme;ɛ;207;114;609;1675;2495
69;homme;e;262;113;504;1878;2549
69;homme;ɜ˞;252;121;505;1450;1651
69;homme;ɪ;197;129;439;1951;2622
69;homme;i;271;115;323;2269;2943
69;homme;o;275;107;436;865;2377
69;homme;ʊ;208;116;492;1157;2454
69;homme;ʌ;230;116;593;1213;2329
69;homme;u;225;123;374;921;2288
70;homme;æ;257;105;594;2000;2550
70;homme;ɑ;212;106;743;1423;2494
70;homme;ɔ;171;103;686;1064;2432
70;homme;ɛ;215;104;634;1874;2563
70;homme;e;252;115;472;2141;2623
70;homme;ɜ˞;231;116;442;1517;1736
70;homme;ɪ;188;115;453;2013;2660
70;homme;i;218;117;338;2329;2945
70;homme;o;246;105;533;900;2435
70;homme;ʊ;173;113;487;994;2299
70;homme;ʌ;166;105;662;1166;2553
70;homme;u;207;123;371;950;2264
71;homme;æ;212;131;662;1934;2649
71;homme;ɑ;154;173;710;1084;2753
71;homme;ɔ;222;122;681;1060;2863
71;homme;ɛ;125;128;636;1893;2765
71;homme;e;231;124;490;2187;2722
71;homme;ɜ˞;201;140;496;1500;1711
71;homme;ɪ;160;189;469;2128;2744
71;homme;i;194;175;368;2509;2893
71;homme;o;213;130;530;1000;2652
71;homme;ʊ;146;132;435;994;2565
71;homme;ʌ;168;124;682;1192;2774
71;homme;u;197;189;377;888;2416
72;homme;æ;241;114;566;2041;2500
72;homme;ɑ;220;123;825;1438;2434
72;homme;ɔ;226;117;720;1063;2369
72;homme;ɛ;177;118;620;1832;2583
72;homme;e;211;139;393;2305;2694
72;homme;ɜ˞;206;118;453;1432;1690
72;homme;ɪ;145;131;404;2107;2677
72;homme;i;161;132;309;2385;3219
72;homme;o;238;118;509;896;2354
72;homme;ʊ;188;124;491;1246;2336
72;homme;ʌ;145;133;623;1207;2455
72;homme;u;185;143;401;980;2460
73;homme;æ;302;96;559;1873;2509
73;homme;ɑ;290;101;673;1301;2433
73;homme;ɔ;344;92;619;1012;2460
73;homme;ɛ;197;98;565;1805;2608
73;homme;e;338;94;374;2436;2803
73;homme;ɜ˞;310;103;430;1294;1487
73;homme;ɪ;178;105;383;2167;2726
73;homme;i;282;107;307;2405;3442
73;homme;o;301;95;376;659;2572
73;homme;ʊ;191;109;430;1021;2507
73;homme;ʌ;199;96;560;1118;2503
73;homme;u;288;105;313;861;2374
74;homme;æ;208;143;579;1982;2639
74;homme;ɑ;184;160;707;1421;2403
74;homme;ɔ;196;155;640;1149;2227
74;homme;ɛ;146;146;571;1752;2668
74;homme;e;239;158;444;2121;2547
74;homme;ɜ˞;210;146;435;1289;1562
74;homme;ɪ;134;165;440;2119;2694
74;homme;i;202;158;312;2319;2865
74;homme;o;175;150;457;870;2566
74;homme;ʊ;111;156;463;1086;2453
74;homme;ʌ;128;152;622;1285;2472
74;homme;u;171;199;379;982;2407
75;homme;æ;208;149;623;1937;2526
75;homme;ɑ;216;146;697;1293;2461
75;homme;ɔ;195;144;633;995;2500
75;homme;ɛ;166;149;608;1871;2572
75;homme;e;219;148;500;2159;2634
75;homme;ɜ˞;202;151;491;1370;1679
75;homme;ɪ;154;148;438;2049;2609
75;homme;i;205;166;327;2378;2999
75;homme;o;198;160;487;804;2508
75;homme;ʊ;134;160;500;1067;2435
75;homme;ʌ;143;147;666;1135;2471
75;homme;u;185;165;402;809;2466
76;homme;æ;328;136;555;1996;2609
76;homme;ɑ;272;135;816;1361;2493
76;homme;ɔ;268;133;649;1048;2441
76;homme;ɛ;205;131;567;1718;2557
76;homme;e;311;142;480;2100;2576
76;homme;ɜ˞;270;129;477;1376;1679
76;homme;ɪ;204;147;437;1960;2596
76;homme;i;254;159;314;2506;2963
76;homme;o;260;138;502;879;2465
76;homme;ʊ;180;141;495;1093;2463
76;homme;ʌ;204;136;575;1130;2489
76;homme;u;241;160;373;931;2381
77;homme;æ;267;129;555;1849;2502
77;homme;ɑ;250;115;722;1411;2264
77;homme;ɔ;239;116;623;1012;2506
77;homme;ɛ;185;121;541;1743;2563
77;homme;e;261;116;469;2035;2660
77;homme;ɜ˞;252;115;447;1400;1791
77;homme;ɪ;172;128;379;1942;2658
77;homme;i;200;130;365;2119;2883
77;homme;o;243;124;499;883;2618
77;homme;ʊ;160;125;442;1092;2459
77;homme;ʌ;177;124;583;1187;2627
77;homme;u;244;131;377;1008;2308
78;homme;æ;326;110;634;1730;2456
78;homme;ɑ;269;109;748;1274;2406
78;homme;ɔ;304;106;645;1049;2507
78;homme;ɛ;244;112;543;1840;2574
78;homme;e;312;108;438;2003;2552
78;homme;ɜ˞;271;112;440;1447;1701
78;homme;ɪ;226;111;397;1985;2615
78;homme;i;268;113;327;2143;2881
78;homme;o;317;114;465;969;2364
78;homme;ʊ;230;106;466;1375;2478
78;homme;ʌ;219;109;561;1343;2498
78;homme;u;254;114;357;1130;2300
79;homme;æ;270;121;570;1856;2630
79;homme;ɑ;252;116;744;1388;2541
79;homme;ɔ;300;112;645;1063;2565
79;homme;ɛ;217;114;579;1866;2799
79;homme;e;269;121;478;2049;2866
79;homme;ɜ˞;290;119;493;1428;1741
79;homme;ɪ;174;130;428;1999;2849
79;homme;i;219;135;362;2103;3074
79;homme;o;230;122;496;908;2435
79;homme;ʊ;185;120;496;1101;2396
79;homme;ʌ;171;118;630;1328;2554
79;homme;u;265;124;388;982;2316
80;homme;æ;207;130;614;1768;2393
80;homme;ɑ;219;127;700;1295;2310
80;homme;ɔ;202;130;606;991;2135
80;homme;ɛ;139;130;568;1687;2419
80;homme;e;193;140;497;1903;2455
80;homme;ɜ˞;212;130;478;1440;1665
80;homme;ɪ;147;133;434;1872;2543
80;homme;i;195;137;392;2127;2874
80;homme;o;211;142;437;861;2160
80;homme;ʊ;159;132;497;1164;2245
80;homme;ʌ;169;134;596;1053;2282
80;homme;u;193;143;409;846;2073
81;homme;æ;213;131;553;2140;2327
81;homme;ɑ;192;148;705;1323;2643
81;homme;ɔ;229;142;636;1108;2623
81;homme;ɛ;158;135;583;1760;2497
81;homme;e;255;155;477;2073;2617
81;homme;ɜ˞;206;142;451;1314;1731
81;homme;ɪ;142;133;427;2140;2626
81;homme;i;187;145;308;2190;2819
81;homme;o;209;136;548;1067;2480
81;homme;ʊ;153;146;436;1154;2300
81;homme;ʌ;155;141;602;1176;2495
81;homme;u;195;153;377;1063;2238
82;homme;æ;311;153;605;2002;2666
82;homme;ɑ;287;139;963;1524;2552
82;homme;ɔ;196;124;670;919;2241
82;homme;ɛ;201;150;641;1814;2642
82;homme;e;286;151;440;2245;3044
82;homme;ɜ˞;260;138;467;1432;1742
82;homme;ɪ;168;149;440;2082;2767
82;homme;i;235;184;373;2207;3191
82;homme;o;252;151;444;815;2375
82;homme;ʊ;196;151;498;1048;2391
82;homme;ʌ;193;149;608;1167;2523
82;homme;u;250;192;387;967;2257
83;homme;æ;273;140;597;1989;2677
83;homme;ɑ;254;126;711;1428;2413
83;homme;ɔ;281;131;631;1167;2344
83;homme;ɛ;204;138;623;1937;2643
83;homme;e;230;142;502;2025;2642
83;homme;ɜ˞;266;127;505;1447;1823
83;homme;ɪ;194;145;431;2071;2671
83;homme;i;231;154;343;2502;3035
83;homme;o;256;134;522;911;2461
83;homme;ʊ;168;142;435;1263;2559
83;homme;ʌ;201;138;612;1317;2608
83;homme;u;205;151;316;893;2385
84;homme;æ;230;139;561;1772;2597
84;homme;ɑ;213;138;712;1325;2624
84;homme;ɔ;249;134;687;1062;2524
84;homme;ɛ;188;137;562;1591;2556
84;homme;e;217;139;501;1944;2643
84;homme;ɜ˞;214;150;461;1297;1586
84;homme;ɪ;185;143;437;1915;2687
84;homme;i;221;141;394;2300;2827
84;homme;o;229;143;554;1005;2369
84;homme;ʊ;176;151;468;1064;2383
84;homme;ʌ;181;144;628;1172;2626
84;homme;u;200;154;437;1085;2305
85;homme;æ;334;128;615;1885;2709
85;homme;ɑ;292;140;821;1283;2498
85;homme;ɔ;328;131;684;1000;2576
85;homme;ɛ;207;161;622;1799;2726
85;homme;e;319;138;549;1921;2686
85;homme;ɜ˞;326;143;557;1344;1610
85;homme;ɪ;191;162;474;1956;2762
85;homme;i;286;157;373;2214;3134
85;homme;o;289;140;528;792;2481
85;homme;ʊ;227;128;510;1238;2250
85;homme;ʌ;242;128;631;1241;2276
85;homme;u;256;154;435;1070;2416
86;homme;æ;276;98;577;1952;2588
86;homme;ɑ;286;101;822;1315;2708
86;homme;ɔ;301;100;684;1001;2833
86;homme;ɛ;200;98;561;1786;2603
86;homme;e;269;101;497;2083;2628
86;homme;ɜ˞;252;105;491;1300;1744
86;homme;ɪ;204;111;433;2012;2708
86;homme;i;291;100;312;2307;2834
86;homme;o;282;106;555;1019;2611
86;homme;ʊ;220;112;409;965;2490
86;homme;ʌ;208;107;650;1154;2640
86;homme;u;219;113;365;999;2270
87;homme;æ;283;187;629;2436;3022
87;homme;ɑ;285;180;753;1200;2677
87;homme;ɔ;293;184;704;1052;2749
87;homme;ɛ;200;187;723;2208;3057
87;homme;e;255;181;537;2493;3151
87;homme;ɜ˞;255;196;486;1372;1797
87;homme;ɪ;224;196;432;2494;3137
87;homme;i;234;216;420;2600;3256
87;homme;o;247;181;552;924;2565
87;homme;ʊ;186;195;497;1107;2501
87;homme;ʌ;194;180;670;1061;2703
87;homme;u;245;224;437;871;2393
88;homme;æ;292;129;511;1811;2529
88;homme;ɑ;301;120;662;1183;2374
88;homme;ɔ;300;121;591;974;2325
88;homme;ɛ;209;127;534;1608;2509
88;homme;e;282;123;482;1804;2551
88;homme;ɜ˞;259;133;443;1262;1538
88;homme;ɪ;244;131;396;1810;2504
88;homme;i;228;159;315;2052;3005
88;homme;o;293;143;473;820;2308
88;homme;ʊ;219;141;465;1087;2217
88;homme;ʌ;198;124;566;1040;2476
88;homme;u;250;147;413;1193;2164
89;homme;æ;245;119;590;1830;2512
89;homme;ɑ;207;122;682;1259;2618
89;homme;ɔ;242;118;611;1067;2491
89;homme;ɛ;198;124;574;1813;2476
89;homme;e;247;120;501;2042;2617
89;homme;ɜ˞;248;116;489;1493;1836
89;homme;ɪ;182;137;429;1962;2554
89;homme;i;216;130;366;2504;2959
89;homme;o;232;133;499;927;2493
89;homme;ʊ;167;136;441;1181;2326
89;homme;ʌ;188;119;600;1182;2471
89;homme;u;212;132;378;893;2455
90;homme;æ;266;123;622;1957;2841
90;homme;ɑ;270;124;818;1315;2697
90;homme;ɔ;293;121;643;931;2630
90;homme;ɛ;172;114;557;1996;2876
90;homme;e;229;138;441;2348;2935
90;homme;ɜ˞;238;156;444;1377;1543
90;homme;ɪ;177;136;416;2296;2995
90;homme;i;246;133;370;2536;3332
90;homme;o;188;136;495;938;2519
90;homme;ʊ;178;164;456;1002;2518
90;homme;ʌ;166;138;618;1228;2718
90;homme;u;125;171;374;887;2478
91;homme;æ;289;116;565;2055;2575
91;homme;ɑ;250;110;710;1483;2575
91;homme;ɔ;277;109;679;1102;2424
91;homme;ɛ;178;115;565;1952;2619
91;homme;e;256;109;492;2108;2974
91;homme;ɜ˞;258;123;516;1399;1756
91;homme;ɪ;198;130;441;2068;2594
91;homme;i;228;114;354;2375;3150
91;homme;o;251;119;601;1045;2396
91;homme;ʊ;205;120;495;1106;2444
91;homme;ʌ;176;119;622;1163;2370
91;homme;u;222;130;389;1033;2375
92;femme;æ;305;225;678;2293;2861
92;femme;ɑ;265;211;1012;1603;2767
92;femme;ɔ;305;218;815;1200;2783
92;femme;ɛ;217;228;734;1893;2820
92;femme;e;239;227;539;2476;2868
92;femme;ɜ˞;300;224;470;1437;1672
92;femme;ɪ;176;246;496;2260;3027
92;femme;i;232;234;441;2806;3260
92;femme;o;302;234;557;1135;2961
92;femme;ʊ;238;228;489;1357;2937
92;femme;ʌ;246;222;803;1501;2989
92;femme;u;281;260;503;1068;2810
93;femme;æ;486;214;624;2442;3091
93;femme;ɑ;443;209;883;1682;2962
93;femme;ɔ;464;211;760;1225;2796
93;femme;ɛ;432;197;740;2186;3086
93;femme;e;453;220;477;2704;3102
93;femme;ɜ˞;418;218;500;1441;1914
93;femme;ɪ;356;219;446;2444;2956
93;femme;i;380;222;435;2890;3667
93;femme;o;422;212;432;1013;2690
93;femme;ʊ;390;225;503;1332;2903
93;femme;ʌ;345;226;788;1547;2917
93;femme;u;409;218;435;1384;2804
94;femme;æ;293;192;666;2370;2814
94;femme;ɑ;257;192;1025;1548;2748
94;femme;ɔ;326;186;772;1051;2870
94;femme;ɛ;202;218;707;2110;3028
94;femme;e;263;208;672;2457;3190
94;femme;ɜ˞;278;182;523;1413;1932
94;femme;ɪ;197;188;486;2332;2925
94;femme;i;289;192;380;2703;3087
94;femme;o;274;176;624;1130;2881
94;femme;ʊ;265;215;494;1102;2863
94;femme;ʌ;206;182;789;1291;2877
94;femme;u;271;211;431;788;2717
95;femme;æ;353;233;743;2230;3055
95;femme;ɑ;350;216;804;1484;2789
95;femme;ɔ;379;203;770;1245;2811
95;femme;ɛ;315;216;693;1991;3121
95;femme;e;437;226;601;2577;3091
95;femme;ɜ˞;350;216;619;1716;2138
95;femme;ɪ;356;224;502;2391;3071
95;femme;i;364;215;428;2767;3627
95;femme;o;410;225;627;1314;2911
95;femme;ʊ;279;222;509;1323;3122
95;femme;ʌ;331;216;731;1552;3111
95;femme;u;430;216;436;1415;2843
96;femme;æ;338;223;677;2320;2987
96;femme;ɑ;365;226;935;1377;2598
96;femme;ɔ;363;231;923;1368;2503
96;femme;ɛ;260;233;743;1981;2868
96;femme;e;302;241;487;2600;3130
96;femme;ɜ˞;317;242;494;1485;1863
96;femme;ɪ;266;238;497;2379;3074
96;femme;i;305;249;346;2703;3510
96;femme;o;376;224;443;879;2532
96;femme;ʊ;269;244;506;1188;2485
96;femme;ʌ;290;224;693;1381;2560
96;femme;u;328;223;455;994;2612
97;femme;æ;362;223;627;2266;2875
97;femme;ɑ;329;211;804;1363;2803
97;femme;ɔ;363;212;778;1220;2677
97;femme;ɛ;280;211;712;1881;2777
97;femme;e;318;214;492;2437;3001
97;femme;ɜ˞;342;225;527;1636;1974
97;femme;ɪ;266;216;531;2174;2984
97;femme;i;332;221;439;2676;3291
97;femme;o;353;203;580;995;2637
97;femme;ʊ;283;207;483;987;2679
97;femme;ʌ;233;226;795;1362;2671
97;femme;u;311;219;437;1113;2676
98;femme;æ;313;176;690;2327;2771
98;femme;ɑ;306;173;939;1233;2564
98;femme;ɔ;314;167;809;1097;2646
98;femme;ɛ;238;198;734;2141;2746
98;femme;e;330;186;553;2458;2788
98;femme;ɜ˞;320;174;518;1604;1912
98;femme;ɪ;285;192;535;2380;2930
98;femme;i;281;200;394;2689;3058
98;femme;o;262;196;621;1025;2704
98;femme;ʊ;227;182;563;1233;2758
98;femme;ʌ;209;189;854;1401;2756
98;femme;u;384;211;384;1084;2929
99;femme;æ;284;238;658;2650;3471
99;femme;ɑ;317;243;827;1701;3056
99;femme;ɔ;320;242;815;1426;2990
99;femme;ɛ;199;244;732;2189;3366
99;femme;e;274;238;496;2665;3173
99;femme;ɜ˞;272;250;516;1983;2093
99;femme;ɪ;180;247;498;2654;3391
99;femme;i;297;264;493;2967;3496
99;femme;o;304;253;506;1257;2957
99;femme;ʊ;210;254;546;1534;2880
99;femme;ʌ;207;243;716;1634;3119
99;femme;u;287;258;503;1514;2816
100;femme;æ;253;251;685;2299;2930
100;femme;ɑ;282;240;913;1436;2589
100;femme;ɔ;309;241;890;1063;2523
100;femme;ɛ;233;246;710;2138;2818
100;femme;e;222;265;505;2777;3044
100;femme;ɜ˞;261;248;503;1480;1735
100;femme;ɪ;218;253;500;2272;3028
100;femme;i;246;266;442;2850;3157
100;femme;o;257;252;538;998;2796
100;femme;ʊ;209;247;500;1200;2783
100;femme;ʌ;193;236;809;1391;2927
100;femme;u;265;265;504;1096;2665
101;femme;æ;356;227;621;2249;2873
101;femme;ɑ;367;223;856;1540;2667
101;femme;ɔ;416;225;771;1170;2760
101;femme;ɛ;271;227;704;2023;2927
101;femme;e;347;220;455;2433;3023
101;femme;ɜ˞;342;230;495;1596;1973
101;femme;ɪ;249;227;471;2277;2884
101;femme;i;324;239;477;2866;3236
101;femme;o;363;219;453;980;2854
101;femme;ʊ;253;231;491;1179;2636
101;femme;ʌ;256;217;680;1499;2885
101;femme;u;351;238;473;1113;2626
102;femme;æ;385;188;868;2004;2797
102;femme;ɑ;380;191;882;1380;2834
102;femme;ɔ;380;197;755;1114;2766
102;femme;ɛ;317;195;766;1922;2908
102;femme;e;413;214;574;2316;2854
102;femme;ɜ˞;389;195;567;1496;1803
102;femme;ɪ;320;207;453;2427;2932
102;femme;i;433;203;408;2627;3064
102;femme;o;372;196;597;1150;2751
102;femme;ʊ;332;200;575;1619;2737
102;femme;ʌ;266;205;773;1614;2813
102;femme;u;377;232;461;1627;2761
103;femme;æ;355;229;682;2486;3207
103;femme;ɑ;343;216;887;1743;2557
103;femme;ɔ;397;227;930;1422;2489
103;femme;ɛ;234;210;673;2389;2989
103;femme;e;329;238;502;2674;3394
103;femme;ɜ˞;348;219;501;1555;1938
103;femme;ɪ;246;237;489;2603;3353
103;femme;i;359;223;435;2868;3625
103;femme;o;319;233;688;1185;2748
103;femme;ʊ;289;225;502;1322;2951
103;femme;ʌ;248;241;817;1604;2649
103;femme;u;300;242;477;998;2690
104;femme;æ;315;237;668;2252;2790
104;femme;ɑ;329;226;869;1495;2731
104;femme;ɔ;363;234;697;1142;2507
104;femme;ɛ;231;214;651;2157;2794
104;femme;e;318;236;647;2539;2879
104;femme;ɜ˞;275;244;531;1688;1971
104;femme;ɪ;219;233;555;2216;2812
104;femme;i;336;229;438;2813;3532
104;femme;o;315;236;631;1181;2458
104;femme;ʊ;227;240;552;1193;2559
104;femme;ʌ;221;235;739;1320;2596
104;femme;u;298;231;445;1136;2692
105;femme;æ;272;214;726;2350;2996
105;femme;ɑ;275;211;994;1609;2930
105;femme;ɔ;266;223;748;1063;2876
105;femme;ɛ;241;226;817;2242;3139
105;femme;e;230;206;596;2478;2924
105;femme;ɜ˞;267;225;506;1604;1915
105;femme;ɪ;209;221;491;2316;2934
105;femme;i;261;225;440;2706;3404
105;femme;o;264;216;636;1041;2862
105;femme;ʊ;227;224;499;1103;2900
105;femme;ʌ;206;220;742;1352;2960
105;femme;u;241;239;483;1117;2707
106;femme;æ;400;226;620;2316;2849
106;femme;ɑ;340;226;955;1615;2678
106;femme;ɔ;394;229;827;1189;2633
106;femme;ɛ;217;222;684;1992;2951
106;femme;e;325;244;500;2482;3060
106;femme;ɜ˞;355;234;484;1652;1928
106;femme;ɪ;218;234;485;2129;2967
106;femme;i;321;259;455;2797;3129
106;femme;o;357;226;449;924;2694
106;femme;ʊ;240;248;501;1189;2647
106;femme;ʌ;288;226;700;1338;2750
106;femme;u;298;262;466;778;2699
107;femme;æ;356;202;634;2596;3255
107;femme;ɑ;305;189;1085;1687;2870
107;femme;ɔ;342;201;847;1192;2999
107;femme;ɛ;253;197;756;2008;3089
107;femme;e;336;207;617;2697;3154
107;femme;ɜ˞;295;219;597;1588;1905
107;femme;ɪ;290;214;457;2590;3232
107;femme;i;278;227;443;2944;3546
107;femme;o;346;209;612;1026;2896
107;femme;ʊ;273;219;562;1109;2904
107;femme;ʌ;250;198;824;1459;2924
107;femme;u;268;225;440;1122;2856
108;femme;æ;323;212;672;2145;2764
108;femme;ɑ;267;205;937;1623;2844
108;femme;ɔ;341;211;794;1185;2896
108;femme;ɛ;188;216;750;1935;2930
108;femme;e;261;210;558;2505;2855
108;femme;ɜ˞;308;212;491;1506;1727
108;femme;ɪ;203;221;474;2362;2830
108;femme;i;240;210;429;2698;3509
108;femme;o;298;206;616;1034;2785
108;femme;ʊ;202;232;492;1161;2766
108;femme;ʌ;183;212;705;1166;2890
108;femme;u;266;216;436;911;2724
109;femme;æ;363;237;698;2339;3075
109;femme;ɑ;316;239;918;1640;2801
109;femme;ɔ;327;241;848;1175;2892
109;femme;ɛ;317;238;706;1986;3228
109;femme;e;334;244;572;2428;3120
109;femme;ɜ˞;319;246;524;1547;2066
109;femme;ɪ;256;252;501;2355;3161
109;femme;i;302;247;492;2695;3371
109;femme;o;340;241;631;1185;2942
109;femme;ʊ;332;249;505;1404;2774
109;femme;ʌ;286;235;839;1555;3003
109;femme;u;293;257;506;1030;2575
110;femme;æ;307;187;586;2299;2748
110;femme;ɑ;365;193;818;1351;2933
110;femme;ɔ;344;185;713;1132;2948
110;femme;ɛ;263;173;717;2256;2896
110;femme;e;305;203;574;2360;2686
110;femme;ɜ˞;325;175;508;1562;1914
110;femme;ɪ;240;213;449;2173;2840
110;femme;i;287;195;382;2563;3477
110;femme;o;317;174;504;1047;2749
110;femme;ʊ;301;233;500;1095;2804
110;femme;ʌ;249;216;642;1338;2938
110;femme;u;283;171;360;1034;2731
111;femme;æ;382;217;616;2156;2865
111;femme;ɑ;402;216;769;1451;2898
111;femme;ɔ;465;226;698;1127;2886
111;femme;ɛ;281;233;727;1871;2902
111;femme;e;346;238;498;2218;2894
111;femme;ɜ˞;370;224;469;1499;1873
111;femme;ɪ;345;233;458;2143;2986
111;femme;i;353;223;434;2512;2998
111;femme;o;374;234;469;934;2571
111;femme;ʊ;370;242;496;1169;2654
111;femme;ʌ;330;221;701;1318;2881
111;femme;u;378;247;491;1260;2502
112;femme;æ;338;186;576;2429;3101
112;femme;ɑ;350;178;1008;1495;3018
112;femme;ɔ;318;191;736;1120;3055
112;femme;ɛ;239;180;584;2175;2930
112;femme;e;269;166;511;2574;3085
112;femme;ɜ˞;279;173;505;1568;1845
112;femme;ɪ;171;187;440;2394;3136
112;femme;i;304;214;435;2621;3116
112;femme;o;334;181;578;1061;2882
112;femme;ʊ;270;203;458;1042;3007
112;femme;ʌ;209;188;777;1397;3033
112;femme;u;310;199;391;971;2945
113;femme;æ;365;213;674;2256;2818
113;femme;ɑ;329;207;905;1514;2848
113;femme;ɔ;362;209;835;1326;2667
113;femme;ɛ;294;210;762;1902;2887
113;femme;e;342;211;513;2435;2939
113;femme;ɜ˞;345;212;508;1687;1913
113;femme;ɪ;227;218;535;2134;2929
113;femme;i;307;219;433;2634;3307
113;femme;o;345;201;560;987;2311
113;femme;ʊ;208;231;617;1373;2579
113;femme;ʌ;220;211;686;1477;2698
113;femme;u;363;210;431;1003;2366
114;femme;æ;331;248;738;2378;3305
114;femme;ɑ;303;259;1063;1680;2785
114;femme;ɔ;366;247;907;1527;3075
114;femme;ɛ;231;251;981;2075;3215
114;femme;e;349;263;617;2668;3319
114;femme;ɜ˞;327;262;538;1813;2236
114;femme;ɪ;258;256;516;2567;3485
114;femme;i;334;272;531;2996;3831
114;femme;o;362;242;508;991;3121
114;femme;ʊ;245;262;559;1246;3127
114;femme;ʌ;250;239;769;1382;3035
114;femme;u;327;268;525;1065;2942
115;femme;æ;461;220;646;2406;3283
115;femme;ɑ;430;212;1053;1677;2868
115;femme;ɔ;414;205;811;1254;2824
115;femme;ɛ;386;211;794;2046;3082
115;femme;e;399;212;610;2598;3323
115;femme;ɜ˞;403;215;617;1565;1930
115;femme;ɪ;302;222;552;2453;3346
115;femme;i;346;237;467;3009;3562
115;femme;o;443;213;658;1045;2928
115;femme;ʊ;331;228;509;1244;2980
115;femme;ʌ;309;217;815;1427;3002
115;femme;u;382;226;448;1369;2921
116;femme;æ;346;168;746;1944;2927
116;femme;ɑ;333;170;798;1351;2851
116;femme;ɔ;378;180;656;1075;2684
116;femme;ɛ;183;195;620;2071;2933
116;femme;e;420;171;485;2423;2912
116;femme;ɜ˞;340;184;522;1490;2094
116;femme;ɪ;209;223;455;2304;2999
116;femme;i;336;177;375;2577;3276
116;femme;o;378;167;498;970;2876
116;femme;ʊ;171;195;490;1122;2824
116;femme;ʌ;187;195;678;1397;2861
116;femme;u;333;230;445;881;2580
117;femme;æ;272;246;734;2518;3176
117;femme;ɑ;284;250;869;1751;2762
117;femme;ɔ;284;244;890;1292;2801
117;femme;ɛ;236;244;741;1997;2567
117;femme;e;284;243;578;2474;3055
117;femme;ɜ˞;242;257;507;1749;2028
117;femme;ɪ;197;251;515;2378;3063
117;femme;i;250;252;497;2795;3266
117;femme;o;265;243;582;946;2704
117;femme;ʊ;167;262;616;1331;2696
117;femme;ʌ;195;244;823;1419;3051
117;femme;u;234;256;503;963;2776
118;femme;æ;260;225;662;2276;2955
118;femme;ɑ;217;235;863;1538;3038
118;femme;ɔ;262;217;860;1504;2834
118;femme;ɛ;177;223;693;2012;3003
118;femme;e;231;234;507;2573;3121
118;femme;ɜ˞;223;238;514;1831;2192
118;femme;ɪ;167;238;504;2334;3063
118;femme;i;222;246;495;2910;3548
118;femme;o;225;240;613;1184;3063
118;femme;ʊ;181;242;521;1428;3156
118;femme;ʌ;194;231;700;1580;3018
118;femme;u;182;261;508;1001;2763
119;femme;æ;333;238;696;2447;3122
119;femme;ɑ;303;248;938;1462;2825
119;femme;ɔ;327;212;740;1037;2736
119;femme;ɛ;193;203;597;2426;3018
119;femme;e;280;246;504;2501;3050
119;femme;ɜ˞;311;264;580;1407;1837
119;femme;ɪ;219;260;544;2570;3135
119;femme;i;284;275;508;2731;3669
119;femme;o;285;274;636;981;2944
119;femme;ʊ;205;285;570;1117;2820
119;femme;ʌ;200;307;885;1580;3078
119;femme;u;274;297;510;917;2757
120;femme;æ;310;238;687;2378;2913
120;femme;ɑ;293;232;957;1591;2733
120;femme;ɔ;319;233;867;1207;2746
120;femme;ɛ;221;244;886;2186;2956
120;femme;e;313;245;494;2680;3156
120;femme;ɜ˞;332;246;557;1546;1929
120;femme;ɪ;208;250;501;2449;3185
120;femme;i;306;233;452;2754;3511
120;femme;o;313;230;636;1096;2684
120;femme;ʊ;216;254;532;1354;2810
120;femme;ʌ;208;235;835;1507;2834
120;femme;u;274;268;502;1050;2695
121;femme;æ;364;205;645;2154;3139
121;femme;ɑ;315;202;827;1543;2980
121;femme;ɔ;384;194;776;1324;2852
121;femme;ɛ;248;214;588;2130;2870
121;femme;e;338;212;487;2408;3094
121;femme;ɜ˞;335;184;555;1491;1998
121;femme;ɪ;261;206;431;2190;3060
121;femme;i;316;237;461;2359;3218
121;femme;o;363;203;584;936;2985
121;femme;ʊ;245;228;482;1124;2704
121;femme;ʌ;199;216;756;1531;2871
121;femme;u;277;237;488;1119;2702
122;femme;æ;239;208;626;2374;2836
122;femme;ɑ;240;213;708;1547;2426
122;femme;ɔ;287;226;699;1104;2513
122;femme;ɛ;191;189;755;1762;2646
122;femme;e;277;215;547;2262;2708
122;femme;ɜ˞;272;212;588;1509;1783
122;femme;ɪ;213;215;478;2157;2793
122;femme;i;261;216;433;2720;3035
122;femme;o;239;217;499;1046;2697
122;femme;ʊ;183;205;541;1183;2780
122;femme;ʌ;224;209;685;1100;2510
122;femme;u;242;238;477;1184;2610
123;femme;æ;261;235;689;2701;3490
123;femme;ɑ;283;241;1163;1685;3250
123;femme;ɔ;328;241;906;1386;3066
123;femme;ɛ;194;236;885;2322;3652
123;femme;e;296;247;500;2889;3452
123;femme;ɜ˞;345;252;549;1749;2209
123;femme;ɪ;227;252;556;2541;3684
123;femme;i;257;268;505;2982;3741
123;femme;o;277;247;504;990;3324
123;femme;ʊ;187;244;615;1375;3295
123;femme;ʌ;193;244;828;1454;3287
123;femme;u;291;272;504;1068;3121
124;femme;æ;277;218;557;2586;3202
124;femme;ɑ;247;211;1011;1541;2803
124;femme;ɔ;253;210;814;1144;2729
124;femme;ɛ;179;214;804;1998;2775
124;femme;e;267;211;433;2773;3297
124;femme;ɜ˞;240;214;461;1534;1878
124;femme;ɪ;175;231;486;2454;3106
124;femme;i;236;220;434;2854;3614
124;femme;o;254;219;453;880;2924
124;femme;ʊ;187;232;579;1392;2760
124;femme;ʌ;164;222;764;1359;2875
124;femme;u;244;242;483;938;2835
125;femme;æ;328;211;668;2296;2711
125;femme;ɑ;310;201;1035;1486;2865
125;femme;ɔ;331;207;801;1187;2935
125;femme;ɛ;223;202;718;2005;2906
125;femme;e;314;215;591;2562;3156
125;femme;ɜ˞;300;218;537;1509;1682
125;femme;ɪ;176;218;442;2472;3010
125;femme;i;276;215;426;2775;3535
125;femme;o;309;210;641;1195;2890
125;femme;ʊ;203;236;552;1364;2809
125;femme;ʌ;215;207;729;1435;3109
125;femme;u;294;232;448;1463;2693
126;femme;æ;413;200;746;2371;2984
126;femme;ɑ;455;208;952;1676;2862
126;femme;ɔ;422;213;822;1177;2950
126;femme;ɛ;368;205;773;2042;3009
126;femme;e;402;211;596;2314;3113
126;femme;ɜ˞;438;206;492;1635;1871
126;femme;ɪ;353;225;486;2253;3212
126;femme;i;324;220;424;2692;3336
126;femme;o;340;217;620;1057;2833
126;femme;ʊ;328;214;449;1396;2702
126;femme;ʌ;365;206;761;1380;3042
126;femme;u;405;219;438;1711;2636
127;femme;æ;405;192;893;2070;3024
127;femme;ɑ;419;175;810;1314;3236
127;femme;ɔ;413;196;851;1105;3249
127;femme;ɛ;343;191;694;2160;3144
127;femme;e;367;193;500;2622;3305
127;femme;ɜ˞;371;198;455;1769;2070
127;femme;ɪ;363;201;440;2453;3123
127;femme;i;396;201;380;2816;3312
127;femme;o;406;195;563;1198;3046
127;femme;ʊ;333;228;464;1169;2985
127;femme;ʌ;325;206;809;1468;3153
127;femme;u;406;220;437;1178;2852
128;femme;æ;294;219;665;2408;3034
128;femme;ɑ;336;217;993;1671;2751
128;femme;ɔ;327;219;825;1213;2751
128;femme;ɛ;268;210;680;2068;3072
128;femme;e;310;224;645;2554;3047
128;femme;ɜ˞;303;230;656;1614;2008
128;femme;ɪ;239;231;477;2554;3296
128;femme;i;276;223;439;2927;3283
128;femme;o;296;221;632;1108;2869
128;femme;ʊ;251;258;552;1214;2882
128;femme;ʌ;214;228;818;1516;2970
128;femme;u;277;260;504;1041;2838
129;femme;æ;365;192;564;2442;2880
129;femme;ɑ;338;212;931;1348;2698
129;femme;ɔ;369;211;752;1101;2616
129;femme;ɛ;259;193;694;2052;2838
129;femme;e;344;198;434;2568;3053
129;femme;ɜ˞;340;189;509;1365;1884
129;femme;ɪ;247;216;436;2559;3104
129;femme;i;338;210;430;2606;3280
129;femme;o;353;204;430;820;2783
129;femme;ʊ;236;187;486;1088;2663
129;femme;ʌ;233;198;710;1293;2623
129;femme;u;266;215;429;827;2719
130;femme;æ;301;197;714;2254;2625
130;femme;ɑ;297;198;822;1371;3130
130;femme;ɔ;303;200;765;997;3477
130;femme;ɛ;237;185;726;2123;2959
130;femme;e;296;202;543;2399;2775
130;femme;ɜ˞;304;207;584;1486;1783
130;femme;ɪ;227;205;501;2292;2863
130;femme;i;271;198;383;2733;3326
130;femme;o;305;207;438;812;3068
130;femme;ʊ;233;205;516;1019;2890
130;femme;ʌ;233;194;755;1427;2965
130;femme;u;296;223;438;1078;2774
131;femme;æ;301;216;625;2594;3146
131;femme;ɑ;298;200;875;1491;2979
131;femme;ɔ;332;198;957;1183;3066
131;femme;ɛ;203;217;714;2255;2941
131;femme;e;298;214;555;2766;3181
131;femme;ɜ˞;262;208;491;1655;2062
131;femme;ɪ;200;219;443;2644;3306
131;femme;i;263;229;438;2964;3632
131;femme;o;288;226;450;889;2904
131;femme;ʊ;217;226;444;1081;3049
131;femme;ʌ;201;215;827;1416;3022
131;femme;u;235;237;450;916;2959
132;femme;æ;312;222;552;2227;2978
132;femme;ɑ;268;226;884;1568;2819
132;femme;ɔ;387;237;799;1146;2770
132;femme;ɛ;250;209;623;1882;3007
132;femme;e;343;232;484;2276;3151
132;femme;ɜ˞;331;240;482;1676;1942
132;femme;ɪ;170;236;489;2175;2990
132;femme;i;376;250;427;2772;3762
132;femme;o;318;219;444;987;2727
132;femme;ʊ;246;240;497;1440;2713
132;femme;ʌ;156;236;736;1300;2829
132;femme;u;272;255;474;974;2540
133;femme;æ;353;230;685;2205;2813
133;femme;ɑ;340;212;938;1492;2673
133;femme;ɔ;390;222;715;963;2455
133;femme;ɛ;255;221;718;1952;2817
133;femme;e;300;217;442;2464;3067
133;femme;ɜ˞;319;237;487;1434;1911
133;femme;ɪ;266;225;451;2247;2929
133;femme;i;368;226;437;2555;3583
133;femme;o;347;212;435;862;2516
133;femme;ʊ;242;224;499;1144;2511
133;femme;ʌ;251;214;678;1229;2590
133;femme;u;346;254;430;954;2491
134;femme;æ;333;208;657;2192;2654
134;femme;ɑ;312;195;914;1383;2854
134;femme;ɔ;351;196;790;1044;2933
134;femme;ɛ;247;198;758;2091;2829
134;femme;e;319;205;606;2438;2723
134;femme;ɜ˞;310;204;537;1638;1932
134;femme;ɪ;287;213;442;2316;2899
134;femme;i;326;217;431;2522;3008
134;femme;o;323;206;608;1007;2866
134;femme;ʊ;239;224;480;1108;2717
134;femme;ʌ;274;199;780;1380;2854
134;femme;u;340;204;415;1001;2556
135;femme;æ;365;156;649;2508;3050
135;femme;ɑ;334;150;901;1509;2670
135;femme;ɔ;396;162;850;1182;2909
135;femme;ɛ;284;168;676;2196;3124
135;femme;e;377;160;485;2619;3132
135;femme;ɜ˞;382;166;500;1637;1928
135;femme;ɪ;252;149;449;2492;3040
135;femme;i;316;155;331;3049;3736
135;femme;o;350;183;568;1112;2827
135;femme;ʊ;265;177;520;1421;2998
135;femme;ʌ;200;155;693;1277;2935
135;femme;u;302;166;362;1351;2879
136;femme;æ;327;211;817;2102;2711
136;femme;ɑ;302;207;975;1534;2658
136;femme;ɔ;310;206;813;1117;2585
136;femme;ɛ;244;217;770;1866;2653
136;femme;e;313;218;472;2616;2864
136;femme;ɜ˞;327;211;456;1615;1826
136;femme;ɪ;208;221;444;2237;2711
136;femme;i;336;230;440;2757;3175
136;femme;o;380;224;624;1109;2691
136;femme;ʊ;231;237;498;1162;2708
136;femme;ʌ;206;213;712;1499;2757
136;femme;u;272;238;482;987;2781
137;femme;æ;310;210;626;2331;2826
137;femme;ɑ;346;218;796;1502;2810
137;femme;ɔ;355;221;736;1098;2821
137;femme;ɛ;244;213;683;1851;2877
137;femme;e;309;224;546;2237;2864
137;femme;ɜ˞;346;231;604;1441;1835
137;femme;ɪ;209;238;498;2234;2876
137;femme;i;279;255;489;2641;2952
137;femme;o;282;237;522;923;2871
137;femme;ʊ;239;255;519;1051;2741
137;femme;ʌ;208;236;733;1378;2891
137;femme;u;265;234;458;1163;2651
138;femme;æ;319;209;706;2400;2923
138;femme;ɑ;326;224;1145;1455;3272
138;femme;ɔ;318;219;677;1054;3278
138;femme;ɛ;221;222;709;2088;2670
138;femme;e;305;214;439;2801;3084
138;femme;ɜ˞;301;176;513;1569;1869
138;femme;ɪ;216;225;463;2603;2991
138;femme;i;290;243;419;2874;3367
138;femme;o;315;206;444;803;3233
138;femme;ʊ;217;256;509;1049;3306
138;femme;ʌ;215;220;796;1271;3197
138;femme;u;248;240;467;993;2802
139;femme;æ;357;209;751;2432;2896
139;femme;ɑ;357;234;968;1433;2850
139;femme;ɔ;361;246;995;1359;2941
139;femme;ɛ;270;219;817;1984;2973
139;femme;e;361;252;664;2455;2915
139;femme;ɜ˞;356;224;503;1766;1956
139;femme;ɪ;245;239;499;2384;3091
139;femme;i;314;231;437;2778;3139
139;femme;o;361;239;720;1277;2812
139;femme;ʊ;273;236;553;1135;2859
139;femme;ʌ;262;213;811;1450;2938
139;femme;u;308;265;491;1317;2680
