word;start;end
C;0,00;0,32
est;0,32;0,32
pas;0,32;1,52
mal;1,52;1,74
disons;1,74;2,20
est;2,40;2,46
ce;2,46;2,46
que;2,46;2,48
vous;2,48;2,66
pourriez;2,66;3,34
décrire;3,34;4,20
les;4,20;5,98
déplacements;5,98;6,52
avec;6,52;6,88
précision;6,88;8,50
une;9,14;9,48
journée;9,48;9,78
par;9,78;10,00
exemple;10,00;10,00
;10,00;10,02
Soit;10,20;10,80
on;10,80;11,02
travaille;11,02;11,56
soit;11,66;11,84
on;11,84;12,44
travaille;12,44;12,44
donc;12,68;12,68
moi;12,68;12,92
je;12,92;13,92
prends;13,92;14,16
le;14,16;15,06
métro;15,06;15,24
le;15,24;15,76
matin;15,76;15,76
jusqu;15,76;16,88
au;16,88;16,88
Palais;16,88;17,00
Royal;17,00;17,00
À;17,04;17,04
quelle;17,04;17,32
heure;17,32;17,32
excusez;17,32;17,90
moi;17,90;17,98
;17,98;18,28
Oui;18,28;18,40
je;18,52;18,60
prends;18,60;18,70
le;18,70;18,98
métro;18,98;18,98
le;18,98;19,56
matin;19,56;19,56
à;19,56;19,96
8h30;19,96;20,56
donc;21,18;21,52
je;21,52;22,20
descends;22,20;22,42
au;22,42;22,66
Palais;22,66;22,72
Royal;22,72;23,02
je;23,80;23,98
lance;23,98;24,18
la;24,18;24,70
scène;24,70;24,70
jusqu;24,70;24,92
à;24,92;24,92
la;24,92;25,28
passerelle;25,28;25,46
de;25,46;25,74
Solferino;25,74;26,26
je;26,26;26,74
traverse;26,74;27,02
la;27,02;27,26
passerelle;27,26;27,54
de;27,54;27,78
Solferino;27,78;28,38
je;28,66;28,66
vais;28,66;28,76
à;28,76;28,78
mon;28,78;28,98
travail;28,98;29,38
là;29,38;30,10
donc;30,36;30,36
à;30,36;30,50
la;30,50;30,92
grande;30,92;30,96
chancellerie;30,96;31,40
de;31,40;31,52
la;31,52;31,76
Légion;31,76;31,86
d;31,86;32,24
honneur;32,24;32,32
et;32,56;32,56
puis;32,56;32,90
je;32,90;33,62
travaille;33,62;33,82
toute;33,82;34,08
la;34,08;34,40
journée;34,40;34,40
entre;34,50;34,76
midi;34,76;35,08
et;35,08;35,22
deux;35,22;35,34
je;35,34;35,48
peux;35,48;35,68
faire;35,68;35,76
des;35,76;36,02
courses;36,02;36,14
dans;36,14;36,38
le;36,38;36,52
quartier;36,52;36,62
donc;36,70;36,80
dans;36,80;36,94
le;36,94;37,24
septième;37,24;37,34
Non;37,38;37,38
tu;37,40;37,56
vas;37,56;37,56
chez;37,56;37,74
Gilbert;37,74;37,94
Ou;38,42;38,82
alors;38,82;39,04
je;39,04;39,06
vais;39,06;39,16
chez;39,16;39,50
Gilbert;39,50;39,70
ou;40,10;40,32
je;40,32;40,72
vais;40,72;40,72
au;40,72;41,36
musée;41,36;41,52
du;41,52;41,86
Quai;41,86;41,96
Branly;41,96;42,36
ou;42,56;42,68
je;42,68;42,90
vais;42,90;43,18
voilà;43,98;43,98
Et;44,26;44,58
le;44,58;44,86
soir;44,86;45,04
par;45,16;45,32
contre;45,32;45,48
ça;45,48;45,98
le;45,98;46,36
soir;46,36;46,36
je;46,36;46,60
ne;46,60;46,88
reviens;46,88;46,88
jamais;46,88;47,96
en;47,96;48,50
métro;48,50;48,52
sauf;49,10;49,18
quand;49,18;49,34
il;49,34;49,48
y;49,48;49,48
a;49,48;49,50
des;49,50;49,74
manifestations;49,74;50,40
mais;50,40;50,70
je;50,70;50,82
ne;50,82;51,04
reviens;51,04;51,04
jamais;51,04;51,64
en;51,64;51,74
métro;51,74;51,98
je;52,10;52,14
reviens;52,14;52,28
toujours;52,28;52,72
en;52,72;53,44
bus;53,44;53,44
ça;53,80;53,80
c;53,80;54,30
est;54,30;54,30
par;54,30;55,36
le;55,36;56,10
86;56,10;56,94
qui;56,94;57,70
est;57,70;57,90
un;57,90;58,20
bus;58,20;58,74
formidable;58,74;59,46
qui;60,34;60,70
traverse;60,70;61,10
le;61,10;61,38
quartier;61,38;61,84
Boulevard;62,46;62,68
Saint;62,68;63,10
Germain;63,10;63,52
Boulevard;64,52;64,66
Henri;64,66;65,10
IV;65,10;65,34
on;65,50;65,70
traverse;65,70;65,92
la;65,92;66,68
Seine;66,68;66,68
la;67,18;67,40
Bastille;67,40;67,90
et;68,12;68,12
puis;68,12;68,42
après;68,42;68,60
rue;68,60;68,68
du;68,68;68,84
Faubourg;68,84;69,16
Saint;69,16;69,38
Antoine;69,38;69,70
c;69,88;69,96
est;69,96;69,96
très;69,96;70,32
vivant;70,32;70,58
c;70,92;71,04
est;71,04;71,04
vraiment;71,04;71,40
très;71,40;72,16
agréable;72,16;72,20
c;72,44;72,46
est;72,46;72,46
d;72,46;72,62
ailleurs;72,62;72,62
en;72,62;72,84
partie;72,84;73,10
à;73,10;73,52
cause;73,52;73,60
de;73,60;73,88
ça;73,88;74,00
que;74,00;74,12
j;74,12;74,26
ai;74,26;74,26
choisi;74,26;74,54
pour;74,54;75,28
cette;75,28;75,50
affectation;75,50;76,10
de;76,10;76,62
travail;76,62;76,62
tellement;76,62;77,06
c;77,06;77,48
était;77,48;77,48
agréable;77,48;77,70
de;77,70;78,30
revenir;78,30;78,30
comme;78,30;78,58
ça;78,58;78,70
tous;78,70;78,82
les;78,82;79,04
jours;79,04;79,26
quoi;79,26;79,70
plutôt;79,70;79,76
que;79,76;80,04
de;80,04;80,52
Vous;80,52;80,64
savez;80,64;80,84
que;80,84;81,00
nous;81,00;81,12
sommes;81,12;81,34
plusieurs;81,34;81,88
à;81,88;82,38
faire;82,38;82,42
ça;82,42;82,80
monsieur;83,52;83,84
le;83,84;83,92
ministre;83,92;84,52
madame;84,66;84,84
la;84,84;84,84
dame;84,84;84,84
a;84,84;87,20
le;87,20;87,50
même;87,50;87,86
discours;87,86;88,58
absolument;90,90;91,40
ému;91,40;91,90
quand;91,90;92,20
on;92,20;92,68
passe;92,68;92,68
à;92,68;92,80
l;92,80;93,16
arrière;93,16;93,16
de;93,16;93,52
Notre;93,52;93,96
Dame;93,96;94,00
en;94,00;94,36
particulier;94,36;94,54
Ah;94,62;94,76
oui;94,76;94,86
c;94,90;95,06
est;95,06;95,06
un;95,06;95,24
très;95,24;95,52
beau;95,52;95,62
trajet;95,62;95,88
ce;95,88;96,26
86;96,26;96,80
c;96,94;97,06
est;97,06;97,06
vraiment;97,06;97,28
un;97,28;97,58
très;97,58;97,82
très;97,82;98,06
beau;98,06;98,14
trajet;98,14;98,42
oui;98,42;99,28
Et;99,46;99,56
vous;99,56;99,66
vous;100,00;100,00
avez;100,00;100,12
comme;100,12;100,60
ça;100,60;100,60
des;100,60;100,76
moments;100,76;101,08
de;101,08;101,60
Une;102,12;102,64
journée;102,64;103,10
je;103,98;103,98
vais;103,98;104,12
travailler;104,12;104,58
moi;104,74;105,06
je;105,06;105,16
vais;105,16;105,20
à;105,20;105,40
pied;105,40;105,50
puisque;106,06;106,10
je;106,10;106,30
n;106,30;106,52
utilise;106,52;106,52
pas;106,52;106,66
les;106,66;106,92
transports;106,92;107,22
en;107,22;107,40
commun;107,40;107,52
je;107,68;108,14
descends;108,14;108,16
le;108,16;108,54
boulevard;108,54;109,12
d;109,12;110,48
Hydro;110,48;110,66
je;111,12;111,48
travaille;111,48;111,62
à;111,62;111,78
la;111,78;112,14
préfecture;112,14;112,18
de;112,18;112,74
Paris;112,74;113,18
qui;113,34;113,46
n;113,46;113,60
est;113,60;113,60
pas;113,60;113,88
connue;113,88;114,14
mais;114,22;114,38
néanmoins;114,38;114,78
existe;114,78;115,50
et;118,18;118,18
entre;118,18;118,70
midi;118,70;119,14
et;119,14;119,22
deux;119,22;119,56
heures;119,56;120,02
bon;121,04;121,36
parfois;121,36;121,48
je;121,48;121,60
reste;121,60;121,78
au;121,78;122,40
bureau;122,40;122,40
je;122,64;122,82
vais;122,82;122,96
me;122,96;123,32
promener;123,32;123,70
je;124,04;124,14
vais;124,14;124,22
au;124,22;124,50
marché;124,50;124,60
d;124,60;124,98
Alligre;124,98;125,22
je;125,22;125,76
m;125,76;125,76
arrive;125,76;125,84
d;125,84;126,16
aller;126,16;126,16
au;126,16;126,68
marché;126,68;126,80
d;126,80;127,32
Alligre;127,32;127,38
je;128,64;128,70
fais;128,70;128,70
quelques;128,70;129,06
courses;129,06;129,66
et;130,00;130,12
le;130,12;130,38
soir;130,38;130,48
je;130,48;130,72
rentre;130,72;131,02
je;131,12;131,32
rentre;131,32;131,44
à;131,44;131,74
pied;131,74;131,74
tout;131,74;131,98
le;131,98;132,18
temps;132,18;132,18
Votre;132,94;133,04
marché;133,04;133,40
c;133,68;133,76
est;133,76;133,76
Alligre;133,76;134,22
plus;134,22;135,00
Non;135,00;135,02
ah;135,10;135,16
non;135,16;135,26
c;135,40;135,60
est;135,60;135,60
le;135,60;135,66
Côte;135,66;135,74
Vincent;135,74;136,04
non;136,40;136,78
Alligre;136,78;137,32
c;137,50;137,60
est;137,60;137,60
pas;137,60;137,82
le;137,82;138,44
marché;138,44;138,44
d;138,44;138,98
Alligre;138,98;138,98
lui;138,98;139,38
même;139,38;139,70
c;140,20;140,20
est;140,20;140,20
il;140,54;140,60
y;140,60;140,60
a;140,60;140,64
il;140,64;140,64
y;140,64;140,64
a;140,64;141,24
bon;141,24;141,62
je;141,62;141,82
suis;141,82;141,82
un;141,82;142,46
peu;142,46;142,58
branchée;142,58;143,24
bio;143,24;143,52
donc;143,70;143,88
il;143,88;144,02
y;144,02;144,02
a;144,02;144,14
un;144,14;144,58
boulanger;144,58;144,68
bio;144,68;145,16
et;145,16;145,96
une;145,96;146,42
autre;146,42;146,76
boutique;146,76;146,92
enfin;147,06;147,22
voilà;147,22;147,44
c;147,50;147,98
est;147,98;147,98
ponctuel;147,98;148,50
c;148,72;148,82
est;148,82;148,82
des;148,82;149,00
achats;149,00;149,20
ponctuels;149,20;149,54
Oui;149,98;150,24
d;150,24;150,24
accord;150,24;150,24
c;150,26;150,30
est;150,30;150,30
Alligre;150,30;152,94
Sinon;152,94;153,34
pour;153,34;153,62
des;153,62;153,80
petits;153,80;153,94
trucs;153,94;154,12
voilà;154,24;155,16
Alors;155,88;155,88
c;155,88;156,42
est;156,42;156,42
simplement;156,42;157,16
vous;157,16;157,62
qui;157,62;157,98
avez;157,98;158,12
le;158,12;158,58
qui;159,10;159,16
allez;159,16;159,30
pouvoir;159,30;159,62
me;159,62;160,36
répondre;160,36;160,36
sur;160,36;160,74
les;160,74;160,98
écoles;160,98;161,28
du;161,28;161,94
quartier;161,94;161,94
est;162,08;162,28
ce;162,28;162,28
que;162,28;162,30
vous;162,30;162,50
avez;162,50;162,74
encore;162,74;163,10
des;163,10;164,20
souvenirs;164,20;164,96
et;164,96;165,88
un;165,88;166,12
jugement;166,12;166,42
sur;166,42;167,08
vos;167,08;167,76
années;167,76;167,98
de;167,98;168,50
scolarité;168,50;168,76
;168,76;168,96
Oui;168,96;169,08
moi;169,08;169,38
j;169,38;169,76
étais;169,76;169,76
donc;169,76;170,24
j;171,58;171,72
étais;171,72;171,72
à;171,72;171,90
l;171,90;172,20
école;172,20;172,20
Rue;172,20;172,54
de;172,54;172,76
Pipus;172,76;173,12
Qui;174,70;174,76
existe;174,76;175,14
toujours;175,14;175,60
Qui;175,98;175,98
existe;175,98;175,98
toujours;175,98;175,98
absolument;175,98;176,50
oui;176,64;177,04
ça;177,14;177,42
et;177,68;178,96
puis;178,96;179,42
après;179,42;179,80
j;179,80;180,30
étais;180,30;180,30
au;180,30;180,66
lycée;180,66;180,84
Aragaud;180,84;181,38
il;183,08;183,68
y;183,68;183,68
avait;183,68;183,78
une;183,78;184,02
année;184,02;184,24
qui;184,24;184,58
d;184,58;185,00
ailleurs;185,00;185,00
qui;185,48;187,14
est;187,14;187,26
à;187,26;187,30
Rue;187,30;187,54
Lidereau;187,54;188,34
Et;189,38;189,40
puis;189,40;189,70
après;189,70;190,12
donc;190,44;191,60
j;191,60;191,90
étais;191,90;191,90
une;191,90;192,14
année;192,14;192,32
à;192,32;192,60
classe;192,60;192,80
de;192,80;193,24
philo;193,24;193,24
au;193,24;193,62
lycée;193,62;193,62
Paul;193,62;193,90
Valéry;193,90;194,88
Et;198,16;198,76
après;198,76;199,36
bien;199,40;200,36
évidemment;200,36;200,36
à;202,74;202,74
Saint;202,74;202,98
Cier;202,98;203,12
et;203,12;203,22
puis;203,22;203,38
à;203,38;203,52
Sorbonne;203,52;203,98
D;204,76;205,06
accord;205,06;205,06
On;206,88;207,30
a;207,30;207,56
pu;207,56;207,76
se;207,76;208,26
croiser;208,26;208,26
peut;208,26;208,78
être;208,78;208,78
à;208,78;209,16
Saint;209,16;209,26
Cier;209,26;209,28
Voilà;209,30;209,30
voilà;209,30;209,92
Mais;209,98;210,14
simplement;210,14;210,54
vous;210,54;210,74
êtes;210,74;210,86
un;210,86;211,08
peu;211,08;211,10
plus;211,10;211,40
chers;211,40;211,52
que;211,52;211,72
nous;211,72;211,94
Et;214,98;215,40
donc;215,40;215,82
ces;215,82;216,34
années;216,34;216,54
d;216,54;216,98
école;216,98;216,98
ça;217,18;217,18
a;217,18;217,32
été;217,32;217,32
des;217,32;217,78
bonnes;217,78;217,80
années;217,80;218,12
;218,12;218,72
Vous;218,72;218,72
vous;218,72;219,24
en;219,24;219,32
souvenez;219,32;219,54
plutôt;219,54;220,08
avec;220,08;220,46
l;220,46;222,56
impression;222,56;222,74
que;222,74;222,92
ça;222,92;223,02
tournait;223,02;223,50
que;223,64;223,78
c;223,78;223,86
était;223,86;223,86
bien;223,86;224,36
au;225,06;225,26
contraire;225,26;225,36
d;225,36;225,96
un;225,96;225,96
tel;225,96;226,18
ennui;226,18;226,54
que;226,54;227,16
c;227,16;227,48
était;227,48;227,48
confortable;227,48;227,48
;227,48;227,50
Ah;227,50;227,50
non;227,50;227,50
non;227,50;227,50
non;227,50;227,54
pas;227,90;227,90
du;227,90;228,04
tout;228,04;228,22
non;228,44;228,54
non;228,56;228,70
pas;228,70;228,80
du;228,80;229,00
tout;229,00;229,10
Non;229,56;229,98
non;229,98;230,16
c;230,16;230,30
était;230,30;230,30
de;230,30;230,66
très;230,66;230,80
très;231,08;231,08
bonnes;231,08;231,20
années;231,20;231,40
ça;231,64;232,60
je;232,84;233,62
n;233,62;233,74
ai;233,74;233,74
rien;233,74;233,94
à;233,94;234,18
dire;234,18;234,18
C;234,18;234,56
était;234,56;234,62
vraiment;234,62;235,18
L;236,08;236,08
école;236,08;236,20
est;236,20;236,78
conçue;236,78;236,78
maintenant;236,78;237,00
comme;237,00;237,26
un;237,26;237,54
pinceau;237,54;237,98
Autrefois;238,66;238,66
ce;238,72;238,92
n;238,92;238,98
était;238,98;238,98
pas;238,98;239,22
le;239,22;239,72
cas;239,72;239,72
je;239,84;239,96
veux;239,96;240,20
dire;240,20;240,20
Oui;240,60;240,66
oui;240,80;240,84
non;240,86;240,96
non;240,98;241,08
c;241,08;241,08
était;241,08;241,08
de;241,08;241,70
très;241,70;241,70
bonnes;241,70;241,76
années;241,76;241,98
On;242,12;242,12
n;242,12;242,12
avait;242,12;242,12
pas;242,12;242,22
les;242,22;242,40
conditions;242,40;242,76
matérielles;242,76;243,26
qu;243,26;243,70
ils;243,70;243,70
ont;243,70;243,70
maintenant;243,70;243,98
Ça;244,62;244,90
on;245,16;245,58
avait;245,58;245,68
des;245,68;246,00
barraquements;246,00;246,50
là;246,50;246,84
quand;246,84;247,00
j;247,00;247,30
étais;247,30;247,30
de;247,30;248,12
sixième;248,12;248,32
à;248,32;248,52
troisième;248,52;249,04
au;249,76;250,28
lycée;250,28;250,54
Arago;250,54;252,02
c;252,14;252,32
était;252,32;252,32
des;252,32;253,04
barraquements;253,04;253,10
Quand;254,16;254,30
on;254,30;254,52
voit;254,52;254,62
maintenant;254,62;254,98
ce;254,98;255,44
qu;255,44;255,44
ils;255,44;255,44
ont;255,44;255,84
Et;255,84;255,84
nombreux;255,84;255,88
par;255,88;256,32
classe;256,32;256,44
nombreux;257,60;257,60
par;257,60;257,60
classe;257,60;257,60
On;258,42;258,70
n;258,70;259,04
était;259,04;259,04
pas;259,04;259,74
Ce;264,74;265,30
n;265,30;265,86
est;265,86;265,86
pas;265,86;265,86
les;265,86;266,82
conditions;266,82;267,20
matérielles;267,20;267,90
C;269,50;269,56
est;269,56;269,56
l;269,56;270,80
esprit;270,80;271,08
qui;271,08;271,96
a;271,96;272,06
peut;272,06;272,48
être;272,48;272,48
changé;272,48;272,68
Ça;273,48;273,48
j;273,48;273,48
avoue;273,48;273,74
qu;273,74;273,96
on;273,96;273,96
a;273,96;274,28
du;274,28;274,32
mal;274,32;274,38
Quand;274,54;274,56
on;274,56;274,74
voit;274,74;274,90
que;274,90;275,18
Paul;275,18;275,42
Valéry;275,42;275,80
passe;275,80;276,14
en;276,14;276,42
ZEP;276,42;276,70
je;277,58;277,82
veux;277,82;278,08
dire;278,08;278,16
ça;278,30;278,40
me;278,40;278,88
laisse;278,88;279,00
assez;279,00;280,44
rêveur;280,44;281,00
là;281,08;281,34
Sur;281,52;281,68
le;281,68;282,20
changement;282,20;282,56
qui;282,56;282,86
était;282,86;282,86
intervenu;282,86;282,88
Je;283,52;284,08
veux;284,08;284,26
dire;284,26;284,42
là;284,46;284,66
ça;284,66;284,80
me;284,80;285,02
laisse;285,02;285,02
rêveur;285,02;285,60
Paul;285,60;286,44
Valéry;286,44;286,88
en;286,88;287,16
ZEP;287,16;287,48
là;288,12;288,42
on;288,50;288,56
peut;288,56;288,76
dire;288,76;289,00
de;289,38;289,40
mon;289,40;289,76
temps;289,76;289,94
il;290,38;290,52
venait;290,52;290,70
d;290,70;290,96
être;290,96;291,46
Il;291,46;291,86
a;291,86;292,06
dû;292,06;292,10
être;292,10;292,34
construit;292,34;292,92
dans;292,92;293,14
les;293,14;293,70
années;293,70;293,70
64;293,70;295,32
65;295,46;296,58
Et;296,94;297,28
je;297,28;297,38
me;297,38;297,80
souviens;297,80;298,02
on;298,62;298,72
y;298,72;299,00
a;299,00;299,02
mené;299,02;299,16
un;299,16;299,78
étudiant;299,78;300,14
enfin;301,34;301,94
un;301,94;302,54
lycéen;302,54;303,02
américain;303,02;303,62
pour;303,68;304,04
lui;304,04;304,24
montrer;304,24;304,52
ce;304,52;304,72
qu;304,72;305,04
on;305,04;305,04
faisait;305,04;305,22
en;305,22;305,46
matière;305,46;305,82
d;305,82;306,42
éducation;306,42;306,90
à;306,90;307,52
l;307,52;307,80
époque;307,80;307,92
Je;308,28;308,28
veux;308,28;308,54
dire;308,54;308,78
là;309,08;310,24
L;310,56;311,16
exemple;311,16;311,48
Est;312,92;313,36
ce;313,36;313,40
que;313,40;314,04
vous;314,04;314,22
avez;314,22;314,40
des;314,40;314,68
enseignants;314,68;315,24
dont;315,24;315,70
vous;315,70;316,14
vous;316,14;316,42
souvenez;316,42;316,54
particulièrement;316,54;317,32
qui;317,52;317,54
vous;317,54;317,70
ont;317,70;317,88
marqué;317,88;318,40
soit;319,32;319,54
au;319,54;320,00
moment;320,00;320,16
de;320,16;320,26
l;320,26;320,70
école;320,70;320,70
soit;320,94;321,06
au;321,06;321,44
moment;321,44;321,44
du;321,44;321,62
lycée;321,62;322,00
;322,00;322,60
Moi;322,60;322,84
de;322,86;322,94
toute;322,94;323,14
façon;323,14;323,36
oui;323,48;323,62
je;323,62;323,66
me;323,66;324,02
souviens;324,02;324,02
absolument;324,02;324,48
de;324,48;324,74
tous;324,74;324,88
les;324,88;325,08
enseignants;325,08;325,56
que;325,56;326,12
j;326,12;326,34
ai;326,34;326,34
eus;326,34;326,50
